episode,reward,R100
1,11.0,11.0
2,21.0,16.0
3,13.0,15.0
4,12.0,14.25
5,21.0,15.6
6,17.0,15.833333333333334
7,29.0,17.714285714285715
8,11.0,16.875
9,30.0,18.333333333333332
10,12.0,17.7
11,17.0,17.636363636363637
12,15.0,17.416666666666668
13,31.0,18.46153846153846
14,14.0,18.142857142857142
15,44.0,19.866666666666667
16,14.0,19.5
17,20.0,19.529411764705884
18,13.0,19.166666666666668
19,12.0,18.789473684210527
20,17.0,18.7
21,14.0,18.476190476190474
22,28.0,18.90909090909091
23,20.0,18.956521739130434
24,18.0,18.916666666666668
25,17.0,18.84
26,28.0,19.192307692307693
27,13.0,18.962962962962962
28,23.0,19.107142857142858
29,15.0,18.96551724137931
30,16.0,18.866666666666667
31,12.0,18.64516129032258
32,23.0,18.78125
33,23.0,18.90909090909091
34,9.0,18.61764705882353
35,27.0,18.857142857142858
36,16.0,18.77777777777778
37,17.0,18.72972972972973
38,19.0,18.736842105263158
39,10.0,18.512820512820515
40,34.0,18.9
41,31.0,19.195121951219512
42,13.0,19.047619047619047
43,26.0,19.209302325581394
44,40.0,19.681818181818183
45,25.0,19.8
46,12.0,19.630434782608695
47,10.0,19.425531914893618
48,17.0,19.375
49,52.0,20.040816326530614
50,19.0,20.02
51,13.0,19.88235294117647
52,10.0,19.692307692307693
53,20.0,19.69811320754717
54,13.0,19.574074074074073
55,12.0,19.436363636363637
56,12.0,19.303571428571427
57,14.0,19.210526315789473
58,10.0,19.051724137931036
59,14.0,18.966101694915253
60,23.0,19.033333333333335
61,12.0,18.918032786885245
62,12.0,18.806451612903224
63,15.0,18.746031746031747
64,14.0,18.671875
65,17.0,18.646153846153847
66,12.0,18.545454545454547
67,16.0,18.507462686567163
68,19.0,18.514705882352942
69,24.0,18.594202898550726
70,26.0,18.7
71,16.0,18.661971830985916
72,20.0,18.680555555555557
73,10.0,18.561643835616437
74,32.0,18.743243243243242
75,22.0,18.786666666666665
76,12.0,18.69736842105263
77,21.0,18.727272727272727
78,10.0,18.615384615384617
79,16.0,18.582278481012658
80,15.0,18.5375
81,16.0,18.506172839506174
82,17.0,18.48780487804878
83,13.0,18.42168674698795
84,18.0,18.416666666666668
85,13.0,18.352941176470587
86,19.0,18.36046511627907
87,16.0,18.333333333333332
88,14.0,18.28409090909091
89,17.0,18.269662921348313
90,19.0,18.27777777777778
91,18.0,18.274725274725274
92,40.0,18.51086956521739
93,12.0,18.440860215053764
94,25.0,18.51063829787234
95,14.0,18.46315789473684
96,21.0,18.489583333333332
97,13.0,18.432989690721648
98,12.0,18.367346938775512
99,12.0,18.303030303030305
100,16.0,18.28
101,17.0,18.34
102,24.0,18.37
103,12.0,18.36
104,14.0,18.38
105,20.0,18.37
106,16.0,18.36
107,15.0,18.22
108,19.0,18.3
109,13.0,18.13
110,37.0,18.38
111,30.0,18.51
112,12.0,18.48
113,15.0,18.32
114,19.0,18.37
115,12.0,18.05
116,16.0,18.07
117,11.0,17.98
118,14.0,17.99
119,14.0,18.01
120,15.0,17.99
121,13.0,17.98
122,18.0,17.88
123,22.0,17.9
124,10.0,17.82
125,18.0,17.83
126,12.0,17.67
127,17.0,17.71
128,13.0,17.61
129,17.0,17.63
130,24.0,17.71
131,9.0,17.68
132,16.0,17.61
133,15.0,17.53
134,20.0,17.64
135,20.0,17.57
136,20.0,17.61
137,19.0,17.63
138,21.0,17.65
139,24.0,17.79
140,13.0,17.58
141,17.0,17.44
142,36.0,17.67
143,11.0,17.52
144,16.0,17.28
145,15.0,17.18
146,12.0,17.18
147,20.0,17.28
148,14.0,17.25
149,15.0,16.88
150,16.0,16.85
151,16.0,16.88
152,14.0,16.92
153,18.0,16.9
154,18.0,16.95
155,14.0,16.97
156,11.0,16.96
157,19.0,17.01
158,18.0,17.09
159,10.0,17.05
160,10.0,16.92
161,12.0,16.92
162,18.0,16.98
163,21.0,17.04
164,18.0,17.08
165,18.0,17.09
166,17.0,17.14
167,17.0,17.15
168,17.0,17.13
169,15.0,17.04
170,13.0,16.91
171,32.0,17.07
172,26.0,17.13
173,12.0,17.15
174,18.0,17.01
175,20.0,16.99
176,14.0,17.01
177,17.0,16.97
178,12.0,16.99
179,16.0,16.99
180,22.0,17.06
181,21.0,17.11
182,17.0,17.11
183,12.0,17.1
184,15.0,17.07
185,14.0,17.08
186,16.0,17.05
187,15.0,17.04
188,12.0,17.02
189,11.0,16.96
190,19.0,16.96
191,9.0,16.87
192,14.0,16.61
193,14.0,16.63
194,14.0,16.52
195,13.0,16.51
196,16.0,16.46
197,24.0,16.57
198,23.0,16.68
199,27.0,16.83
200,15.0,16.82
201,13.0,16.78
202,14.0,16.68
203,12.0,16.68
204,23.0,16.77
205,12.0,16.69
206,13.0,16.66
207,10.0,16.61
208,13.0,16.55
209,11.0,16.53
210,15.0,16.31
211,18.0,16.19
212,8.0,16.15
213,13.0,16.13
214,23.0,16.17
215,16.0,16.21
216,11.0,16.16
217,15.0,16.2
218,18.0,16.24
219,12.0,16.22
220,20.0,16.27
221,14.0,16.28
222,17.0,16.27
223,18.0,16.23
224,10.0,16.23
225,18.0,16.23
226,11.0,16.22
227,14.0,16.19
228,10.0,16.16
229,15.0,16.14
230,17.0,16.07
231,14.0,16.12
232,14.0,16.1
233,17.0,16.12
234,10.0,16.02
235,13.0,15.95
236,8.0,15.83
237,10.0,15.74
238,16.0,15.69
239,16.0,15.61
240,16.0,15.64
241,14.0,15.61
242,17.0,15.42
243,13.0,15.44
244,14.0,15.42
245,16.0,15.43
246,15.0,15.46
247,15.0,15.41
248,20.0,15.47
249,19.0,15.51
250,12.0,15.47
251,16.0,15.47
252,13.0,15.46
253,12.0,15.4
254,15.0,15.37
255,13.0,15.36
256,16.0,15.41
257,10.0,15.32
258,12.0,15.26
259,13.0,15.29
260,9.0,15.28
261,14.0,15.3
262,20.0,15.32
263,10.0,15.21
264,12.0,15.15
265,20.0,15.17
266,16.0,15.16
267,16.0,15.15
268,19.0,15.17
269,13.0,15.15
270,10.0,15.12
271,17.0,14.97
272,16.0,14.87
273,11.0,14.86
274,17.0,14.85
275,11.0,14.76
276,14.0,14.76
277,20.0,14.79
278,11.0,14.78
279,11.0,14.73
280,9.0,14.6
281,17.0,14.56
282,12.0,14.51
283,14.0,14.53
284,13.0,14.51
285,13.0,14.5
286,14.0,14.48
287,17.0,14.5
288,13.0,14.51
289,14.0,14.54
290,15.0,14.5
291,12.0,14.53
292,21.0,14.6
293,15.0,14.61
294,16.0,14.63
295,11.0,14.61
296,21.0,14.66
297,16.0,14.58
298,11.0,14.46
299,13.0,14.32
300,14.0,14.31
301,15.0,14.33
302,16.0,14.35
303,19.0,14.42
304,15.0,14.34
305,14.0,14.36
306,12.0,14.35
307,16.0,14.41
308,17.0,14.45
309,17.0,14.51
310,13.0,14.49
311,15.0,14.46
312,15.0,14.53
313,12.0,14.52
314,15.0,14.44
315,15.0,14.43
316,13.0,14.45
317,13.0,14.43
318,13.0,14.38
319,13.0,14.39
320,17.0,14.36
321,18.0,14.4
322,22.0,14.45
323,10.0,14.37
324,16.0,14.43
325,14.0,14.39
326,14.0,14.42
327,18.0,14.46
328,8.0,14.44
329,11.0,14.4
330,14.0,14.37
331,12.0,14.35
332,12.0,14.33
333,18.0,14.34
334,14.0,14.38
335,12.0,14.37
336,14.0,14.43
337,11.0,14.44
338,15.0,14.43
339,13.0,14.4
340,18.0,14.42
341,16.0,14.44
342,16.0,14.43
343,15.0,14.45
344,11.0,14.42
345,13.0,14.39
346,14.0,14.38
347,18.0,14.41
348,16.0,14.37
349,16.0,14.34
350,13.0,14.35
351,18.0,14.37
352,11.0,14.35
353,19.0,14.42
354,11.0,14.38
355,13.0,14.38
356,15.0,14.37
357,14.0,14.41
358,13.0,14.42
359,13.0,14.42
360,14.0,14.47
361,19.0,14.52
362,20.0,14.52
363,16.0,14.58
364,19.0,14.65
365,12.0,14.57
366,15.0,14.56
367,12.0,14.52
368,15.0,14.48
369,9.0,14.44
370,16.0,14.5
371,10.0,14.43
372,15.0,14.42
373,14.0,14.45
374,16.0,14.44
375,15.0,14.48
376,11.0,14.45
377,12.0,14.37
378,16.0,14.42
379,14.0,14.45
380,16.0,14.52
381,16.0,14.51
382,16.0,14.55
383,14.0,14.55
384,13.0,14.55
385,18.0,14.6
386,17.0,14.63
387,17.0,14.63
388,13.0,14.63
389,11.0,14.6
390,15.0,14.6
391,12.0,14.6
392,14.0,14.53
393,12.0,14.5
394,14.0,14.48
395,11.0,14.48
396,16.0,14.43
397,17.0,14.44
398,20.0,14.53
399,12.0,14.52
400,16.0,14.54
401,15.0,14.54
402,12.0,14.5
403,20.0,14.51
404,19.0,14.55
405,13.0,14.54
406,17.0,14.59
407,17.0,14.6
408,14.0,14.57
409,12.0,14.52
410,15.0,14.54
411,27.0,14.66
412,14.0,14.65
413,8.0,14.61
414,19.0,14.65
415,16.0,14.66
416,15.0,14.68
417,14.0,14.69
418,13.0,14.69
419,16.0,14.72
420,17.0,14.72
421,12.0,14.66
422,12.0,14.56
423,16.0,14.62
424,14.0,14.6
425,11.0,14.57
426,16.0,14.59
427,13.0,14.54
428,10.0,14.56
429,14.0,14.59
430,17.0,14.62
431,17.0,14.67
432,14.0,14.69
433,9.0,14.6
434,15.0,14.61
435,13.0,14.62
436,10.0,14.58
437,13.0,14.6
438,17.0,14.62
439,16.0,14.65
440,15.0,14.62
441,14.0,14.6
442,16.0,14.6
443,11.0,14.56
444,15.0,14.6
445,13.0,14.6
446,18.0,14.64
447,14.0,14.6
448,18.0,14.62
449,14.0,14.6
450,24.0,14.71
451,14.0,14.67
452,13.0,14.69
453,12.0,14.62
454,14.0,14.65
455,17.0,14.69
456,17.0,14.71
457,14.0,14.71
458,12.0,14.7
459,14.0,14.71
460,13.0,14.7
461,16.0,14.67
462,9.0,14.56
463,16.0,14.56
464,14.0,14.51
465,16.0,14.55
466,15.0,14.55
467,13.0,14.56
468,11.0,14.52
469,17.0,14.6
470,16.0,14.6
471,16.0,14.66
472,16.0,14.67
473,14.0,14.67
474,16.0,14.67
475,11.0,14.63
476,15.0,14.67
477,15.0,14.7
478,18.0,14.72
479,15.0,14.73
480,12.0,14.69
481,13.0,14.66
482,14.0,14.64
483,12.0,14.62
484,10.0,14.59
485,16.0,14.57
486,17.0,14.57
487,14.0,14.54
488,14.0,14.55
489,17.0,14.61
490,14.0,14.6
491,15.0,14.63
492,15.0,14.64
493,12.0,14.64
494,12.0,14.62
495,11.0,14.62
496,15.0,14.61
497,16.0,14.6
498,13.0,14.53
499,14.0,14.55
500,17.0,14.56
501,17.0,14.58
502,15.0,14.61
503,12.0,14.53
504,12.0,14.46
505,17.0,14.5
506,14.0,14.47
507,14.0,14.44
508,17.0,14.47
509,15.0,14.5
510,15.0,14.5
511,16.0,14.39
512,13.0,14.38
513,16.0,14.46
514,14.0,14.41
515,12.0,14.37
516,13.0,14.35
517,15.0,14.36
518,14.0,14.37
519,17.0,14.38
520,14.0,14.35
521,15.0,14.38
522,13.0,14.39
523,16.0,14.39
524,15.0,14.4
525,16.0,14.45
526,15.0,14.44
527,10.0,14.41
528,14.0,14.45
529,17.0,14.48
530,12.0,14.43
531,14.0,14.4
532,16.0,14.42
533,12.0,14.45
534,12.0,14.42
535,13.0,14.42
536,16.0,14.48
537,13.0,14.48
538,12.0,14.43
539,13.0,14.4
540,17.0,14.42
541,14.0,14.42
542,16.0,14.42
543,14.0,14.45
544,17.0,14.47
545,11.0,14.45
546,12.0,14.39
547,15.0,14.4
548,14.0,14.36
549,20.0,14.42
550,14.0,14.32
551,17.0,14.35
552,11.0,14.33
553,16.0,14.37
554,14.0,14.37
555,17.0,14.37
556,11.0,14.31
557,12.0,14.29
558,16.0,14.33
559,13.0,14.32
560,17.0,14.36
561,12.0,14.32
562,13.0,14.36
563,14.0,14.34
564,14.0,14.34
565,14.0,14.32
566,14.0,14.31
567,15.0,14.33
568,11.0,14.33
569,18.0,14.34
570,11.0,14.29
571,15.0,14.28
572,12.0,14.24
573,15.0,14.25
574,17.0,14.26
575,16.0,14.31
576,10.0,14.26
577,15.0,14.26
578,15.0,14.23
579,15.0,14.23
580,19.0,14.3
581,15.0,14.32
582,12.0,14.3
583,14.0,14.32
584,13.0,14.35
585,14.0,14.33
586,12.0,14.28
587,19.0,14.33
588,21.0,14.4
589,15.0,14.38
590,15.0,14.39
591,15.0,14.39
592,13.0,14.37
593,13.0,14.38
594,17.0,14.43
595,12.0,14.44
596,17.0,14.46
597,16.0,14.46
598,15.0,14.48
599,14.0,14.48
600,16.0,14.47
601,13.0,14.43
602,13.0,14.41
603,17.0,14.46
604,15.0,14.49
605,16.0,14.48
606,16.0,14.5
607,17.0,14.53
608,13.0,14.49
609,15.0,14.49
610,13.0,14.47
611,15.0,14.46
612,12.0,14.45
613,12.0,14.41
614,12.0,14.39
615,16.0,14.43
616,16.0,14.46
617,11.0,14.42
618,11.0,14.39
619,12.0,14.34
620,18.0,14.38
621,12.0,14.35
622,12.0,14.34
623,16.0,14.34
624,15.0,14.34
625,16.0,14.34
626,12.0,14.31
627,18.0,14.39
628,17.0,14.42
629,16.0,14.41
630,15.0,14.44
631,16.0,14.46
632,15.0,14.45
633,20.0,14.53
634,12.0,14.53
635,12.0,14.52
636,11.0,14.47
637,9.0,14.43
638,19.0,14.5
639,14.0,14.51
640,15.0,14.49
641,11.0,14.46
642,15.0,14.45
643,12.0,14.43
644,17.0,14.43
645,13.0,14.45
646,16.0,14.49
647,13.0,14.47
648,14.0,14.47
649,13.0,14.4
650,12.0,14.38
651,14.0,14.35
652,10.0,14.34
653,12.0,14.3
654,12.0,14.28
655,10.0,14.21
656,9.0,14.19
657,10.0,14.17
658,10.0,14.11
659,9.0,14.07
660,10.0,14.0
661,11.0,13.99
662,12.0,13.98
663,11.0,13.95
664,9.0,13.9
665,12.0,13.88
666,12.0,13.86
667,9.0,13.8
668,11.0,13.8
669,11.0,13.73
670,11.0,13.73
671,10.0,13.68
672,10.0,13.66
673,8.0,13.59
674,9.0,13.51
675,12.0,13.47
676,9.0,13.46
677,9.0,13.4
678,11.0,13.36
679,10.0,13.31
680,9.0,13.21
681,10.0,13.16
682,9.0,13.13
683,9.0,13.08
684,10.0,13.05
685,11.0,13.02
686,13.0,13.03
687,10.0,12.94
688,9.0,12.82
689,10.0,12.77
690,9.0,12.71
691,10.0,12.66
692,10.0,12.63
693,10.0,12.6
694,10.0,12.53
695,11.0,12.52
696,10.0,12.45
697,10.0,12.39
698,9.0,12.33
699,20.0,12.39
700,10.0,12.33
701,9.0,12.29
702,11.0,12.27
703,9.0,12.19
704,13.0,12.17
705,9.0,12.1
706,10.0,12.04
707,10.0,11.97
708,10.0,11.94
709,10.0,11.89
710,11.0,11.87
711,10.0,11.82
712,9.0,11.79
713,11.0,11.78
714,10.0,11.76
715,10.0,11.7
716,10.0,11.64
717,11.0,11.64
718,9.0,11.62
719,14.0,11.64
720,15.0,11.61
721,14.0,11.63
722,9.0,11.6
723,11.0,11.55
724,11.0,11.51
725,11.0,11.46
726,12.0,11.46
727,12.0,11.4
728,9.0,11.32
729,15.0,11.31
730,10.0,11.26
731,10.0,11.2
732,10.0,11.15
733,23.0,11.18
734,10.0,11.16
735,10.0,11.14
736,13.0,11.16
737,11.0,11.18
738,12.0,11.11
739,11.0,11.08
740,18.0,11.11
741,10.0,11.1
742,10.0,11.05
743,13.0,11.06
744,10.0,10.99
745,32.0,11.18
746,10.0,11.12
747,10.0,11.09
748,9.0,11.04
749,9.0,11.0
750,10.0,10.98
751,10.0,10.94
752,8.0,10.92
753,13.0,10.93
754,9.0,10.9
755,8.0,10.88
756,8.0,10.87
757,11.0,10.88
758,9.0,10.87
759,9.0,10.87
760,9.0,10.86
761,10.0,10.85
762,10.0,10.83
763,10.0,10.82
764,9.0,10.82
765,10.0,10.8
766,9.0,10.77
767,10.0,10.78
768,11.0,10.78
769,9.0,10.76
770,10.0,10.75
771,10.0,10.75
772,12.0,10.77
773,9.0,10.78
774,9.0,10.78
775,11.0,10.77
776,12.0,10.8
777,10.0,10.81
778,10.0,10.8
779,9.0,10.79
780,15.0,10.85
781,11.0,10.86
782,10.0,10.87
783,10.0,10.88
784,10.0,10.88
785,10.0,10.87
786,12.0,10.86
787,9.0,10.85
788,13.0,10.89
789,10.0,10.89
790,10.0,10.9
791,9.0,10.89
792,11.0,10.9
793,8.0,10.88
794,11.0,10.89
795,10.0,10.88
796,9.0,10.87
797,12.0,10.89
798,10.0,10.9
799,9.0,10.79
800,10.0,10.79
801,13.0,10.83
802,11.0,10.83
803,10.0,10.84
804,8.0,10.79
805,13.0,10.83
806,10.0,10.83
807,10.0,10.83
808,10.0,10.83
809,9.0,10.82
810,9.0,10.8
811,13.0,10.83
812,10.0,10.84
813,11.0,10.84
814,12.0,10.86
815,11.0,10.87
816,10.0,10.87
817,8.0,10.84
818,10.0,10.85
819,10.0,10.81
820,11.0,10.77
821,9.0,10.72
822,9.0,10.72
823,10.0,10.71
824,9.0,10.69
825,13.0,10.71
826,8.0,10.67
827,12.0,10.67
828,10.0,10.68
829,9.0,10.62
830,13.0,10.65
831,12.0,10.67
832,10.0,10.67
833,8.0,10.52
834,8.0,10.5
835,9.0,10.49
836,11.0,10.47
837,10.0,10.46
838,9.0,10.43
839,11.0,10.43
840,10.0,10.35
841,12.0,10.37
842,11.0,10.38
843,11.0,10.36
844,9.0,10.35
845,14.0,10.17
846,13.0,10.2
847,10.0,10.2
848,11.0,10.22
849,10.0,10.23
850,10.0,10.23
851,11.0,10.24
852,10.0,10.26
853,10.0,10.23
854,11.0,10.25
855,10.0,10.27
856,10.0,10.29
857,10.0,10.28
858,10.0,10.29
859,10.0,10.3
860,9.0,10.3
861,8.0,10.28
862,9.0,10.27
863,11.0,10.28
864,10.0,10.29
865,9.0,10.28
866,12.0,10.31
867,10.0,10.31
868,9.0,10.29
869,11.0,10.31
870,12.0,10.33
871,9.0,10.32
872,9.0,10.29
873,10.0,10.3
874,11.0,10.32
875,11.0,10.32
876,9.0,10.29
877,10.0,10.29
878,9.0,10.28
879,9.0,10.28
880,10.0,10.23
881,14.0,10.26
882,11.0,10.27
883,11.0,10.28
884,11.0,10.29
885,10.0,10.29
886,8.0,10.25
887,9.0,10.25
888,11.0,10.23
889,9.0,10.22
890,10.0,10.22
891,10.0,10.23
892,10.0,10.22
893,10.0,10.24
894,11.0,10.24
895,9.0,10.23
896,10.0,10.24
897,10.0,10.22
898,12.0,10.24
899,10.0,10.25
900,10.0,10.25
901,9.0,10.21
902,12.0,10.22
903,9.0,10.21
904,9.0,10.22
905,10.0,10.19
906,11.0,10.2
907,10.0,10.2
908,11.0,10.21
909,12.0,10.24
910,13.0,10.28
911,11.0,10.26
912,9.0,10.25
913,10.0,10.24
914,10.0,10.22
915,12.0,10.23
916,9.0,10.22
917,10.0,10.24
918,9.0,10.23
919,14.0,10.27
920,10.0,10.26
921,9.0,10.26
922,12.0,10.29
923,10.0,10.29
924,9.0,10.29
925,9.0,10.25
926,10.0,10.27
927,12.0,10.27
928,11.0,10.28
929,10.0,10.29
930,12.0,10.28
931,14.0,10.3
932,9.0,10.29
933,9.0,10.3
934,11.0,10.33
935,10.0,10.34
936,10.0,10.33
937,10.0,10.33
938,9.0,10.33
939,11.0,10.33
940,13.0,10.36
941,11.0,10.35
942,9.0,10.33
943,11.0,10.33
944,11.0,10.35
945,10.0,10.31
946,13.0,10.31
947,11.0,10.32
948,13.0,10.34
949,9.0,10.33
950,10.0,10.33
951,11.0,10.33
952,13.0,10.36
953,10.0,10.36
954,11.0,10.36
955,12.0,10.38
956,10.0,10.38
957,14.0,10.42
958,9.0,10.41
959,11.0,10.42
960,11.0,10.44
961,14.0,10.5
962,13.0,10.54
963,13.0,10.56
964,13.0,10.59
965,12.0,10.62
966,14.0,10.64
967,10.0,10.64
968,13.0,10.68
969,11.0,10.68
970,10.0,10.66
971,15.0,10.72
972,12.0,10.75
973,11.0,10.76
974,14.0,10.79
975,14.0,10.82
976,10.0,10.83
977,15.0,10.88
978,45.0,11.24
979,10.0,11.25
980,15.0,11.3
981,10.0,11.26
982,34.0,11.49
983,13.0,11.51
984,12.0,11.52
985,11.0,11.53
986,10.0,11.55
987,49.0,11.95
988,15.0,11.99
989,11.0,12.01
990,11.0,12.02
991,57.0,12.49
992,13.0,12.52
993,11.0,12.53
994,27.0,12.69
995,13.0,12.73
996,14.0,12.77
997,23.0,12.9
998,14.0,12.92
999,13.0,12.95
1000,53.0,13.38
1001,50.0,13.79
1002,16.0,13.83
1003,124.0,14.98
1004,25.0,15.14
1005,85.0,15.89
1006,106.0,16.84
1007,86.0,17.6
1008,71.0,18.2
1009,168.0,19.76
1010,23.0,19.86
1011,111.0,20.86
1012,121.0,21.98
1013,171.0,23.59
1014,174.0,25.23
1015,138.0,26.49
1016,200.0,28.4
1017,113.0,29.43
1018,200.0,31.34
1019,200.0,33.2
1020,180.0,34.9
1021,166.0,36.47
1022,200.0,38.35
1023,179.0,40.04
1024,182.0,41.77
1025,153.0,43.21
1026,200.0,45.11
1027,200.0,46.99
1028,160.0,48.48
1029,170.0,50.08
1030,194.0,51.9
1031,187.0,53.63
1032,200.0,55.54
1033,169.0,57.14
1034,200.0,59.03
1035,200.0,60.93
1036,200.0,62.83
1037,200.0,64.73
1038,141.0,66.05
1039,200.0,67.94
1040,200.0,69.81
1041,191.0,71.61
1042,200.0,73.52
1043,200.0,75.41
1044,200.0,77.3
1045,150.0,78.7
1046,197.0,80.54
1047,138.0,81.81
1048,200.0,83.68
1049,183.0,85.42
1050,167.0,86.99
1051,200.0,88.88
1052,200.0,90.75
1053,200.0,92.65
1054,168.0,94.22
1055,182.0,95.92
1056,183.0,97.65
1057,157.0,99.08
1058,200.0,100.99
1059,200.0,102.88
1060,173.0,104.5
1061,171.0,106.07
1062,200.0,107.94
1063,200.0,109.81
1064,184.0,111.52
1065,200.0,113.4
1066,182.0,115.08
1067,181.0,116.79
1068,200.0,118.66
1069,200.0,120.55
1070,188.0,122.33
1071,189.0,124.07
1072,200.0,125.95
1073,200.0,127.84
1074,200.0,129.7
1075,200.0,131.56
1076,200.0,133.46
1077,200.0,135.31
1078,200.0,136.86
1079,200.0,138.76
1080,200.0,140.61
1081,200.0,142.51
1082,200.0,144.17
1083,200.0,146.04
1084,200.0,147.92
1085,200.0,149.81
1086,200.0,151.71
1087,200.0,153.22
1088,200.0,155.07
1089,200.0,156.96
1090,200.0,158.85
1091,200.0,160.28
1092,200.0,162.15
1093,200.0,164.04
1094,200.0,165.77
1095,200.0,167.64
1096,200.0,169.5
1097,200.0,171.27
1098,200.0,173.13
1099,200.0,175.0
1100,200.0,176.47
1101,200.0,177.97
1102,200.0,179.81
1103,200.0,180.57
1104,200.0,182.32
1105,200.0,183.47
1106,200.0,184.41
1107,200.0,185.55
1108,181.0,186.65
1109,200.0,186.97
1110,184.0,188.58
1111,200.0,189.47
1112,200.0,190.26
1113,195.0,190.5
1114,179.0,190.55
1115,200.0,191.17
1116,184.0,191.01
1117,200.0,191.88
1118,189.0,191.77
1119,181.0,191.58
1120,184.0,191.62
1121,185.0,191.81
1122,200.0,191.81
1123,200.0,192.02
1124,200.0,192.2
1125,200.0,192.67
1126,200.0,192.67
1127,200.0,192.67
1128,200.0,193.07
1129,200.0,193.37
1130,200.0,193.43
1131,200.0,193.56
1132,200.0,193.56
1133,200.0,193.87
1134,179.0,193.66
1135,178.0,193.44
1136,188.0,193.32
1137,182.0,193.14
1138,178.0,193.51
1139,198.0,193.49
1140,190.0,193.39
1141,173.0,193.21
1142,179.0,193.0
1143,176.0,192.76
1144,179.0,192.55
1145,189.0,192.94
1146,186.0,192.83
1147,180.0,193.25
1148,162.0,192.87
1149,173.0,192.77
1150,166.0,192.76
1151,170.0,192.46
1152,171.0,192.17
1153,179.0,191.96
1154,150.0,191.78
1155,173.0,191.69
1156,174.0,191.6
1157,169.0,191.72
1158,190.0,191.62
1159,184.0,191.46
1160,197.0,191.7
1161,200.0,191.99
1162,192.0,191.91
1163,190.0,191.81
1164,200.0,191.97
1165,200.0,191.97
1166,185.0,192.0
1167,152.0,191.71
1168,160.0,191.31
1169,200.0,191.31
1170,183.0,191.26
1171,200.0,191.37
1172,192.0,191.29
1173,166.0,190.95
1174,176.0,190.71
1175,174.0,190.45
1176,147.0,189.92
1177,157.0,189.49
1178,176.0,189.25
1179,200.0,189.25
1180,199.0,189.24
1181,200.0,189.24
1182,200.0,189.24
1183,180.0,189.04
1184,157.0,188.61
1185,174.0,188.35
1186,149.0,187.84
1187,194.0,187.78
1188,163.0,187.41
1189,164.0,187.05
1190,162.0,186.67
1191,164.0,186.31
1192,184.0,186.15
1193,179.0,185.94
1194,180.0,185.74
1195,160.0,185.34
1196,157.0,184.91
1197,181.0,184.72
1198,196.0,184.68
1199,193.0,184.61
1200,186.0,184.47
1201,174.0,184.21
1202,165.0,183.86
1203,192.0,183.78
1204,164.0,183.42
1205,172.0,183.14
1206,152.0,182.66
1207,151.0,182.17
1208,151.0,181.87
1209,171.0,181.58
1210,161.0,181.35
1211,158.0,180.93
1212,146.0,180.39
1213,154.0,179.98
1214,136.0,179.55
1215,144.0,178.99
1216,154.0,178.69
1217,147.0,178.16
1218,139.0,177.66
1219,146.0,177.31
1220,189.0,177.36
1221,192.0,177.43
1222,174.0,177.17
1223,171.0,176.88
1224,191.0,176.79
1225,181.0,176.6
1226,170.0,176.3
1227,157.0,175.87
1228,159.0,175.46
1229,162.0,175.08
1230,147.0,174.55
1231,151.0,174.06
1232,160.0,173.66
1233,168.0,173.34
1234,170.0,173.25
1235,158.0,173.05
1236,165.0,172.82
1237,164.0,172.64
1238,190.0,172.76
1239,177.0,172.55
1240,177.0,172.42
1241,170.0,172.39
1242,177.0,172.37
1243,162.0,172.23
1244,172.0,172.16
1245,173.0,172.0
1246,167.0,171.81
1247,162.0,171.63
1248,167.0,171.68
1249,161.0,171.56
1250,150.0,171.4
1251,156.0,171.26
1252,163.0,171.18
1253,151.0,170.9
1254,160.0,171.0
1255,167.0,170.94
1256,161.0,170.81
1257,164.0,170.76
1258,168.0,170.54
1259,164.0,170.34
1260,150.0,169.87
1261,167.0,169.54
1262,170.0,169.32
1263,176.0,169.18
1264,163.0,168.81
1265,176.0,168.57
1266,169.0,168.41
1267,12.0,167.01
1268,200.0,167.41
1269,160.0,167.01
1270,171.0,166.89
1271,167.0,166.56
1272,158.0,166.22
1273,149.0,166.05
1274,171.0,166.0
1275,200.0,166.26
1276,200.0,166.79
1277,200.0,167.22
1278,200.0,167.46
1279,200.0,167.46
1280,200.0,167.47
1281,200.0,167.47
1282,200.0,167.47
1283,192.0,167.59
1284,200.0,168.02
1285,200.0,168.28
1286,200.0,168.79
1287,200.0,168.85
1288,200.0,169.22
1289,200.0,169.58
1290,140.0,169.36
1291,176.0,169.48
1292,145.0,169.09
1293,154.0,168.84
1294,152.0,168.56
1295,140.0,168.36
1296,200.0,168.79
1297,200.0,168.98
1298,200.0,169.02
1299,200.0,169.09
1300,200.0,169.23
1301,200.0,169.49
1302,200.0,169.84
1303,200.0,169.92
1304,200.0,170.28
1305,200.0,170.56
1306,200.0,171.04
1307,200.0,171.53
1308,200.0,172.02
1309,200.0,172.31
1310,200.0,172.7
1311,200.0,173.12
1312,200.0,173.66
1313,200.0,174.12
1314,200.0,174.76
1315,200.0,175.32
1316,200.0,175.78
1317,200.0,176.31
1318,173.0,176.65
1319,200.0,177.19
1320,200.0,177.3
1321,112.0,176.5
1322,29.0,175.05
1323,95.0,174.29
1324,65.0,173.03
1325,26.0,171.48
1326,17.0,169.95
1327,78.0,169.16
1328,46.0,168.03
1329,39.0,166.8
1330,60.0,165.93
1331,30.0,164.72
1332,62.0,163.74
1333,70.0,162.76
1334,61.0,161.67
1335,31.0,160.4
1336,43.0,159.18
1337,66.0,158.2
1338,40.0,156.7
1339,125.0,156.18
1340,200.0,156.41
1341,200.0,156.71
1342,91.0,155.85
1343,200.0,156.23
1344,200.0,156.51
1345,200.0,156.78
1346,200.0,157.11
1347,200.0,157.49
1348,200.0,157.82
1349,168.0,157.89
1350,169.0,158.08
1351,152.0,158.04
1352,123.0,157.64
1353,187.0,158.0
1354,141.0,157.81
1355,100.0,157.14
1356,138.0,156.91
1357,130.0,156.57
1358,115.0,156.04
1359,120.0,155.6
1360,153.0,155.63
1361,140.0,155.36
1362,181.0,155.47
1363,117.0,154.88
1364,165.0,154.9
1365,177.0,154.91
1366,163.0,154.85
1367,131.0,156.04
1368,97.0,155.01
1369,187.0,155.28
1370,154.0,155.11
1371,132.0,154.76
1372,200.0,155.18
1373,200.0,155.69
1374,200.0,155.98
1375,200.0,155.98
1376,200.0,155.98
1377,200.0,155.98
1378,200.0,155.98
1379,200.0,155.98
1380,200.0,155.98
1381,200.0,155.98
1382,200.0,155.98
1383,195.0,156.01
1384,192.0,155.93
1385,200.0,155.93
1386,189.0,155.82
1387,196.0,155.78
1388,174.0,155.52
1389,166.0,155.18
1390,173.0,155.51
1391,178.0,155.53
1392,196.0,156.04
1393,200.0,156.5
1394,198.0,156.96
1395,183.0,157.39
1396,200.0,157.39
1397,200.0,157.39
1398,164.0,157.03
1399,194.0,156.97
1400,183.0,156.8
1401,180.0,156.6
1402,195.0,156.55
1403,188.0,156.43
1404,183.0,156.26
1405,184.0,156.1
1406,191.0,156.01
1407,155.0,155.56
1408,176.0,155.32
1409,157.0,154.89
1410,200.0,154.89
1411,161.0,154.5
1412,178.0,154.28
1413,168.0,153.96
1414,163.0,153.59
1415,181.0,153.4
1416,189.0,153.29
1417,169.0,152.98
1418,189.0,153.14
1419,200.0,153.14
1420,178.0,152.92
1421,173.0,153.53
1422,174.0,154.98
1423,177.0,155.8
1424,178.0,156.93
1425,195.0,158.62
1426,156.0,160.01
1427,195.0,161.18
1428,186.0,162.58
1429,194.0,164.13
1430,178.0,165.31
1431,146.0,166.47
1432,190.0,167.75
1433,187.0,168.92
1434,172.0,170.03
1435,199.0,171.71
1436,171.0,172.99
1437,168.0,174.01
1438,164.0,175.25
1439,167.0,175.67
1440,162.0,175.29
1441,156.0,174.85
1442,181.0,175.75
1443,171.0,175.46
1444,161.0,175.07
1445,159.0,174.66
1446,146.0,174.12
1447,149.0,173.61
1448,139.0,173.0
1449,186.0,173.18
1450,189.0,173.38
1451,200.0,173.86
1452,200.0,174.63
1453,200.0,174.76
1454,200.0,175.35
1455,200.0,176.35
1456,200.0,176.97
1457,200.0,177.67
1458,146.0,177.98
1459,159.0,178.37
1460,188.0,178.72
1461,200.0,179.32
1462,200.0,179.51
1463,200.0,180.34
1464,155.0,180.24
1465,171.0,180.18
1466,200.0,180.55
1467,200.0,181.24
1468,192.0,182.19
1469,191.0,182.23
1470,200.0,182.69
1471,200.0,183.37
1472,200.0,183.37
1473,200.0,183.37
1474,182.0,183.19
1475,182.0,183.01
1476,194.0,182.95
1477,199.0,182.94
1478,200.0,182.94
1479,200.0,182.94
1480,198.0,182.92
1481,193.0,182.85
1482,200.0,182.85
1483,149.0,182.39
1484,171.0,182.18
1485,200.0,182.18
1486,200.0,182.29
1487,200.0,182.33
1488,200.0,182.59
1489,200.0,182.93
1490,200.0,183.2
1491,200.0,183.42
1492,200.0,183.46
1493,200.0,183.46
1494,200.0,183.48
1495,200.0,183.65
1496,200.0,183.65
1497,200.0,183.65
1498,200.0,184.01
1499,200.0,184.07
1500,191.0,184.15
1501,167.0,184.02
1502,200.0,184.07
1503,186.0,184.05
1504,200.0,184.22
1505,200.0,184.38
1506,200.0,184.47
1507,200.0,184.92
1508,200.0,185.16
1509,200.0,185.59
1510,200.0,185.59
1511,200.0,185.98
1512,200.0,186.2
1513,200.0,186.52
1514,200.0,186.89
1515,185.0,186.93
1516,160.0,186.64
1517,158.0,186.53
1518,139.0,186.03
1519,200.0,186.03
1520,148.0,185.73
1521,154.0,185.54
1522,162.0,185.42
1523,148.0,185.13
1524,159.0,184.94
1525,200.0,184.99
1526,190.0,185.33
1527,200.0,185.38
1528,170.0,185.22
1529,185.0,185.13
1530,145.0,184.8
1531,154.0,184.88
1532,200.0,184.98
1533,148.0,184.59
1534,200.0,184.87
1535,200.0,184.88
1536,200.0,185.17
1537,200.0,185.49
1538,200.0,185.85
1539,200.0,186.18
1540,187.0,186.43
1541,200.0,186.87
1542,200.0,187.06
1543,200.0,187.35
1544,200.0,187.74
1545,200.0,188.15
1546,200.0,188.69
1547,200.0,189.2
1548,200.0,189.81
1549,200.0,189.95
1550,200.0,190.06
1551,200.0,190.06
1552,199.0,190.05
1553,200.0,190.05
1554,200.0,190.05
1555,178.0,189.83
1556,200.0,189.83
1557,200.0,189.83
1558,165.0,190.02
1559,200.0,190.43
1560,179.0,190.34
1561,143.0,189.77
1562,139.0,189.16
1563,168.0,188.84
1564,148.0,188.77
1565,170.0,188.76
1566,156.0,188.32
1567,152.0,187.84
1568,200.0,187.92
1569,175.0,187.76
1570,141.0,187.17
1571,180.0,186.97
1572,179.0,186.76
1573,179.0,186.55
1574,200.0,186.73
1575,200.0,186.91
1576,158.0,186.55
1577,185.0,186.41
1578,164.0,186.05
1579,200.0,186.05
1580,200.0,186.07
1581,200.0,186.14
1582,200.0,186.14
1583,200.0,186.65
1584,200.0,186.94
1585,200.0,186.94
1586,200.0,186.94
1587,176.0,186.7
1588,167.0,186.37
1589,163.0,186.0
1590,173.0,185.73
1591,198.0,185.71
1592,169.0,185.4
1593,200.0,185.4
1594,200.0,185.4
1595,200.0,185.4
1596,200.0,185.4
1597,200.0,185.4
1598,200.0,185.4
1599,200.0,185.4
1600,200.0,185.49
1601,200.0,185.82
1602,200.0,185.82
1603,200.0,185.96
1604,200.0,185.96
1605,200.0,185.96
1606,200.0,185.96
1607,200.0,185.96
1608,200.0,185.96
1609,200.0,185.96
1610,200.0,185.96
1611,200.0,185.96
1612,200.0,185.96
1613,200.0,185.96
1614,200.0,185.96
1615,200.0,186.11
1616,200.0,186.51
1617,200.0,186.93
1618,200.0,187.54
1619,200.0,187.54
1620,200.0,188.06
1621,200.0,188.52
1622,200.0,188.9
1623,200.0,189.42
1624,200.0,189.83
1625,200.0,189.83
1626,200.0,189.93
1627,200.0,189.93
1628,200.0,190.23
1629,200.0,190.38
1630,200.0,190.93
1631,200.0,191.39
1632,200.0,191.39
1633,200.0,191.91
1634,200.0,191.91
1635,200.0,191.91
1636,200.0,191.91
1637,200.0,191.91
1638,200.0,191.91
1639,200.0,191.91
1640,200.0,192.04
1641,200.0,192.04
1642,200.0,192.04
1643,200.0,192.04
1644,200.0,192.04
1645,200.0,192.04
1646,200.0,192.04
1647,200.0,192.04
1648,200.0,192.04
1649,200.0,192.04
1650,200.0,192.04
1651,200.0,192.04
1652,200.0,192.05
1653,200.0,192.05
1654,200.0,192.05
1655,200.0,192.27
1656,200.0,192.27
1657,200.0,192.27
1658,200.0,192.62
1659,200.0,192.62
1660,200.0,192.83
1661,200.0,193.4
1662,200.0,194.01
1663,200.0,194.33
1664,200.0,194.85
1665,200.0,195.15
