episode,reward,R100,learning_rate
1,9.0,9.0,0.0005
2,9.0,9.0,0.0005
3,8.0,8.666666666666666,0.0005
4,11.0,9.25,0.0005
5,9.0,9.2,0.0005
6,10.0,9.333333333333334,0.0005
7,9.0,9.285714285714286,0.0005
8,11.0,9.5,0.0005
9,10.0,9.555555555555555,0.0005
10,12.0,9.8,0.0005
11,10.0,9.818181818181818,0.0005
12,11.0,9.916666666666666,0.0005
13,10.0,9.923076923076923,0.0005
14,9.0,9.857142857142858,0.0005
15,9.0,9.8,0.0005
16,10.0,9.8125,0.0005
17,9.0,9.764705882352942,0.0005
18,11.0,9.833333333333334,0.0005
19,12.0,9.947368421052632,0.0005
20,14.0,10.15,0.0005
21,10.0,10.142857142857142,0.0005
22,10.0,10.136363636363637,0.0005
23,13.0,10.26086956521739,0.0005
24,10.0,10.25,0.0005
25,10.0,10.24,0.0005
26,12.0,10.307692307692308,0.0005
27,9.0,10.25925925925926,0.0005
28,9.0,10.214285714285714,0.0005
29,10.0,10.206896551724139,0.0005
30,14.0,10.333333333333334,0.0005
31,10.0,10.32258064516129,0.0005
32,17.0,10.53125,0.0005
33,13.0,10.606060606060606,0.0005
34,10.0,10.588235294117647,0.0005
35,12.0,10.628571428571428,0.0005
36,12.0,10.666666666666666,0.0005
37,13.0,10.72972972972973,0.0005
38,8.0,10.657894736842104,0.0005
39,13.0,10.717948717948717,0.0005
40,10.0,10.7,0.0005
41,13.0,10.75609756097561,0.0005
42,8.0,10.69047619047619,0.0005
43,14.0,10.767441860465116,0.0005
44,10.0,10.75,0.0005
45,13.0,10.8,0.0005
46,11.0,10.804347826086957,0.0005
47,10.0,10.787234042553191,0.0005
48,10.0,10.770833333333334,0.0005
49,10.0,10.755102040816327,0.0005
50,11.0,10.76,0.0005
51,9.0,10.72549019607843,0.0005
52,13.0,10.76923076923077,0.0005
53,12.0,10.79245283018868,0.0005
54,10.0,10.777777777777779,0.0005
55,8.0,10.727272727272727,0.0005
56,10.0,10.714285714285714,0.0005
57,9.0,10.68421052631579,0.0005
58,12.0,10.706896551724139,0.0005
59,9.0,10.677966101694915,0.0005
60,8.0,10.633333333333333,0.0005
61,19.0,10.770491803278688,0.0005
62,11.0,10.774193548387096,0.0005
63,10.0,10.761904761904763,0.0005
64,12.0,10.78125,0.0005
65,9.0,10.753846153846155,0.0005
66,13.0,10.787878787878787,0.0005
67,9.0,10.761194029850746,0.0005
68,10.0,10.75,0.0005
69,9.0,10.72463768115942,0.0005
70,10.0,10.714285714285714,0.0005
71,11.0,10.71830985915493,0.0005
72,9.0,10.694444444444445,0.0005
73,11.0,10.698630136986301,0.0005
74,16.0,10.77027027027027,0.0005
75,10.0,10.76,0.0005
76,11.0,10.763157894736842,0.0005
77,12.0,10.779220779220779,0.0005
78,10.0,10.76923076923077,0.0005
79,9.0,10.746835443037975,0.0005
80,11.0,10.75,0.0005
81,8.0,10.716049382716049,0.0005
82,10.0,10.707317073170731,0.0005
83,10.0,10.698795180722891,0.0005
84,9.0,10.678571428571429,0.0005
85,11.0,10.68235294117647,0.0005
86,12.0,10.69767441860465,0.0005
87,14.0,10.735632183908047,0.0005
88,12.0,10.75,0.0005
89,10.0,10.741573033707866,0.0005
90,11.0,10.744444444444444,0.0005
91,10.0,10.736263736263735,0.0005
92,13.0,10.76086956521739,0.0005
93,10.0,10.75268817204301,0.0005
94,10.0,10.74468085106383,0.0005
95,11.0,10.74736842105263,0.0005
96,9.0,10.729166666666666,0.0005
97,10.0,10.721649484536082,0.0005
98,11.0,10.724489795918368,0.0005
99,12.0,10.737373737373737,0.0005
100,12.0,10.75,0.0005
101,11.0,10.77,0.0005
102,15.0,10.83,0.0005
103,11.0,10.86,0.0005
104,12.0,10.87,0.0005
105,12.0,10.9,0.0005
106,9.0,10.89,0.0005
107,15.0,10.95,0.0005
108,12.0,10.96,0.0005
109,11.0,10.97,0.0005
110,15.0,11.0,0.0005
111,14.0,11.04,0.0005
112,12.0,11.05,0.0005
113,9.0,11.04,0.0005
114,10.0,11.05,0.0005
115,10.0,11.06,0.0005
116,16.0,11.12,0.0005
117,10.0,11.13,0.0005
118,9.0,11.11,0.0005
119,11.0,11.1,0.0005
120,9.0,11.05,0.0005
121,9.0,11.04,0.0005
122,13.0,11.07,0.0005
123,10.0,11.04,0.0005
124,10.0,11.04,0.0005
125,10.0,11.04,0.0005
126,15.0,11.07,0.0005
127,9.0,11.07,0.0005
128,9.0,11.07,0.0005
129,10.0,11.07,0.0005
130,10.0,11.03,0.0005
131,10.0,11.03,0.0005
132,10.0,10.96,0.0005
133,9.0,10.92,0.0005
134,9.0,10.91,0.0005
135,11.0,10.9,0.0005
136,11.0,10.89,0.0005
137,9.0,10.85,0.0005
138,12.0,10.89,0.0005
139,13.0,10.89,0.0005
140,17.0,10.96,0.0005
141,12.0,10.95,0.0005
142,9.0,10.96,0.0005
143,16.0,10.98,0.0005
144,11.0,10.99,0.0005
145,13.0,10.99,0.0005
146,12.0,11.0,0.0005
147,10.0,11.0,0.0005
148,9.0,10.99,0.0005
149,10.0,10.99,0.0005
150,12.0,11.0,0.0005
151,9.0,11.0,0.0005
152,13.0,11.0,0.0005
153,10.0,10.98,0.0005
154,9.0,10.97,0.0005
155,13.0,11.02,0.0005
156,11.0,11.03,0.0005
157,11.0,11.05,0.0005
158,11.0,11.04,0.0005
159,8.0,11.03,0.0005
160,11.0,11.06,0.0005
161,10.0,10.97,0.0005
162,13.0,10.99,0.0005
163,16.0,11.05,0.0005
164,13.0,11.06,0.0005
165,18.0,11.15,0.0005
166,10.0,11.12,0.0005
167,10.0,11.13,0.0005
168,11.0,11.14,0.0005
169,8.0,11.13,0.0005
170,11.0,11.14,0.0005
171,8.0,11.11,0.0005
172,9.0,11.11,0.0005
173,10.0,11.1,0.0005
174,9.0,11.03,0.0005
175,10.0,11.03,0.0005
176,11.0,11.03,0.0005
177,10.0,11.01,0.0005
178,8.0,10.99,0.0005
179,12.0,11.02,0.0005
180,10.0,11.01,0.0005
181,16.0,11.09,0.0005
182,25.0,11.24,0.0005
183,9.0,11.23,0.0005
184,10.0,11.24,0.0005
185,10.0,11.23,0.0005
186,12.0,11.23,0.0005
187,9.0,11.18,0.0005
188,10.0,11.16,0.0005
189,10.0,11.16,0.0005
190,12.0,11.17,0.0005
191,11.0,11.18,0.0005
192,9.0,11.14,0.0005
193,11.0,11.15,0.0005
194,8.0,11.13,0.0005
195,10.0,11.12,0.0005
196,10.0,11.13,0.0005
197,10.0,11.13,0.0005
198,8.0,11.1,0.0005
199,12.0,11.1,0.0005
200,9.0,11.07,0.0005
201,14.0,11.1,0.0005
202,10.0,11.05,0.0005
203,9.0,11.03,0.0005
204,8.0,10.99,0.0005
205,12.0,10.99,0.0005
206,9.0,10.99,0.0005
207,13.0,10.97,0.0005
208,14.0,10.99,0.0005
209,12.0,11.0,0.0005
210,8.0,10.93,0.0005
211,10.0,10.89,0.0005
212,11.0,10.88,0.0005
213,8.0,10.87,0.0005
214,14.0,10.91,0.0005
215,11.0,10.92,0.0005
216,11.0,10.87,0.0005
217,12.0,10.89,0.0005
218,12.0,10.92,0.0005
219,10.0,10.91,0.0005
220,9.0,10.91,0.0005
221,9.0,10.91,0.0005
222,12.0,10.9,0.0005
223,10.0,10.9,0.0005
224,12.0,10.92,0.0005
225,10.0,10.92,0.0005
226,10.0,10.87,0.0005
227,11.0,10.89,0.0005
228,14.0,10.94,0.0005
229,8.0,10.92,0.0005
230,9.0,10.91,0.0005
231,10.0,10.91,0.0005
232,12.0,10.93,0.0005
233,8.0,10.92,0.0005
234,10.0,10.93,0.0005
235,10.0,10.92,0.0005
236,11.0,10.92,0.0005
237,11.0,10.94,0.0005
238,13.0,10.95,0.0005
239,12.0,10.94,0.0005
240,8.0,10.85,0.0005
241,9.0,10.82,0.0005
242,10.0,10.83,0.0005
243,10.0,10.77,0.0005
244,12.0,10.78,0.0005
245,11.0,10.76,0.0005
246,11.0,10.75,0.0005
247,9.0,10.74,0.0005
248,12.0,10.77,0.0005
249,11.0,10.78,0.0005
250,9.0,10.75,0.0005
251,10.0,10.76,0.0005
252,10.0,10.73,0.0005
253,15.0,10.78,0.0005
254,9.0,10.78,0.0005
255,11.0,10.76,0.0005
256,11.0,10.76,0.0005
257,9.0,10.74,0.0005
258,10.0,10.73,0.0005
259,12.0,10.77,0.0005
260,11.0,10.77,0.0005
261,9.0,10.76,0.0005
262,14.0,10.77,0.0005
263,9.0,10.7,0.0005
264,12.0,10.69,0.0005
265,8.0,10.59,0.0005
266,11.0,10.6,0.0005
267,10.0,10.6,0.0005
268,12.0,10.61,0.0005
269,9.0,10.62,0.0005
270,9.0,10.6,0.0005
271,18.0,10.7,0.0005
272,12.0,10.73,0.0005
273,9.0,10.72,0.0005
274,11.0,10.74,0.0005
275,16.0,10.8,0.0005
276,11.0,10.8,0.0005
277,14.0,10.84,0.0005
278,10.0,10.86,0.0005
279,12.0,10.86,0.0005
280,9.0,10.85,0.0005
281,9.0,10.78,0.0005
282,9.0,10.62,0.0005
283,8.0,10.61,0.0005
284,9.0,10.6,0.0005
285,9.0,10.59,0.0005
286,8.0,10.55,0.0005
287,11.0,10.57,0.0005
288,11.0,10.58,0.0005
289,9.0,10.57,0.0005
290,10.0,10.55,0.0005
291,8.0,10.52,0.0005
292,10.0,10.53,0.0005
293,11.0,10.53,0.0005
294,14.0,10.59,0.0005
295,12.0,10.61,0.0005
296,8.0,10.59,0.0005
297,10.0,10.59,0.0005
298,8.0,10.59,0.0005
299,15.0,10.62,0.0005
300,11.0,10.64,0.0005
301,9.0,10.59,0.0005
302,9.0,10.58,0.0005
303,8.0,10.57,0.0005
304,10.0,10.59,0.0005
305,10.0,10.57,0.0005
306,11.0,10.59,0.0005
307,11.0,10.57,0.0005
308,11.0,10.54,0.0005
309,8.0,10.5,0.0005
310,11.0,10.53,0.0005
311,13.0,10.56,0.0005
312,10.0,10.55,0.0005
313,13.0,10.6,0.0005
314,12.0,10.58,0.0005
315,10.0,10.57,0.0005
316,11.0,10.57,0.0005
317,13.0,10.58,0.0005
318,12.0,10.58,0.0005
319,10.0,10.58,0.0005
320,11.0,10.6,0.0005
321,9.0,10.6,0.0005
322,14.0,10.62,0.0005
323,12.0,10.64,0.0005
324,9.0,10.61,0.0005
325,10.0,10.61,0.0005
326,11.0,10.62,0.0005
327,9.0,10.6,0.0005
328,8.0,10.54,0.0005
329,14.0,10.6,0.0005
330,10.0,10.61,0.0005
331,13.0,10.64,0.0005
332,10.0,10.62,0.0005
333,11.0,10.65,0.0005
334,12.0,10.67,0.0005
335,12.0,10.69,0.0005
336,11.0,10.69,0.0005
337,13.0,10.71,0.0005
338,12.0,10.7,0.0005
339,9.0,10.67,0.0005
340,11.0,10.7,0.0005
341,9.0,10.7,0.0005
342,9.0,10.69,0.0005
343,10.0,10.69,0.0005
344,10.0,10.67,0.0005
345,14.0,10.7,0.0005
346,14.0,10.73,0.0005
347,11.0,10.75,0.0005
348,13.0,10.76,0.0005
349,11.0,10.76,0.0005
350,10.0,10.77,0.0005
351,9.0,10.76,0.0005
352,12.0,10.78,0.0005
353,10.0,10.73,0.0005
354,12.0,10.76,0.0005
355,9.0,10.74,0.0005
356,9.0,10.72,0.0005
357,10.0,10.73,0.0005
358,13.0,10.76,0.0005
359,8.0,10.72,0.0005
360,11.0,10.72,0.0005
361,11.0,10.74,0.0005
362,11.0,10.71,0.0005
363,14.0,10.76,0.0005
364,10.0,10.74,0.0005
365,16.0,10.82,0.0005
366,11.0,10.82,0.0005
367,12.0,10.84,0.0005
368,9.0,10.81,0.0005
369,12.0,10.84,0.0005
370,11.0,10.86,0.0005
371,10.0,10.78,0.0005
372,12.0,10.78,0.0005
373,9.0,10.78,0.0005
374,11.0,10.78,0.0005
375,13.0,10.75,0.0005
376,14.0,10.78,0.0005
377,16.0,10.8,0.0005
378,20.0,10.9,0.0005
379,10.0,10.88,0.0005
380,10.0,10.89,0.0005
381,10.0,10.9,0.0005
382,12.0,10.93,0.0005
383,10.0,10.95,0.0005
384,9.0,10.95,0.0005
385,10.0,10.96,0.0005
386,10.0,10.98,0.0005
387,12.0,10.99,0.0005
388,11.0,10.99,0.0005
389,9.0,10.99,0.0005
390,9.0,10.98,0.0005
391,9.0,10.99,0.0005
392,9.0,10.98,0.0005
393,14.0,11.01,0.0005
394,12.0,10.99,0.0005
395,11.0,10.98,0.0005
396,12.0,11.02,0.0005
397,10.0,11.02,0.0005
398,9.0,11.03,0.0005
399,8.0,10.96,0.0005
400,11.0,10.96,0.0005
401,11.0,10.98,0.0005
402,9.0,10.98,0.0005
403,11.0,11.01,0.0005
404,10.0,11.01,0.0005
405,10.0,11.01,0.0005
406,12.0,11.02,0.0005
407,10.0,11.01,0.0005
408,11.0,11.01,0.0005
409,8.0,11.01,0.0005
410,11.0,11.01,0.0005
411,9.0,10.97,0.0005
412,15.0,11.02,0.0005
413,14.0,11.03,0.0005
414,8.0,10.99,0.0005
415,9.0,10.98,0.0005
416,12.0,10.99,0.0005
417,15.0,11.01,0.0005
418,11.0,11.0,0.0005
419,11.0,11.01,0.0005
420,9.0,10.99,0.0005
421,10.0,11.0,0.0005
422,11.0,10.97,0.0005
423,12.0,10.97,0.0005
424,11.0,10.99,0.0005
425,9.0,10.98,0.0005
426,9.0,10.96,0.0005
427,11.0,10.98,0.0005
428,10.0,11.0,0.0005
429,11.0,10.97,0.0005
430,11.0,10.98,0.0005
431,11.0,10.96,0.0005
432,10.0,10.96,0.0005
433,9.0,10.94,0.0005
434,10.0,10.92,0.0005
435,10.0,10.9,0.0005
436,10.0,10.89,0.0005
437,14.0,10.9,0.0005
438,11.0,10.89,0.0005
439,11.0,10.91,0.0005
440,11.0,10.91,0.0005
441,15.0,10.97,0.0005
442,10.0,10.98,0.0005
443,15.0,11.03,0.0005
444,9.0,11.02,0.0005
445,14.0,11.02,0.0005
446,11.0,10.99,0.0005
447,10.0,10.98,0.0005
448,11.0,10.96,0.0005
449,8.0,10.93,0.0005
450,8.0,10.91,0.0005
451,16.0,10.98,0.0005
452,10.0,10.96,0.0005
453,12.0,10.98,0.0005
454,10.0,10.96,0.0005
455,8.0,10.95,0.0005
456,14.0,11.0,0.0005
457,10.0,11.0,0.0005
458,9.0,10.96,0.0005
459,13.0,11.01,0.0005
460,9.0,10.99,0.0005
461,12.0,11.0,0.0005
462,12.0,11.01,0.0005
463,12.0,10.99,0.0005
464,11.0,11.0,0.0005
465,13.0,10.97,0.0005
466,10.0,10.96,0.0005
467,13.0,10.97,0.0005
468,9.0,10.97,0.0005
469,10.0,10.95,0.0005
470,10.0,10.94,0.0005
471,9.0,10.93,0.0005
472,14.0,10.95,0.0005
473,11.0,10.97,0.0005
474,11.0,10.97,0.0005
475,11.0,10.95,0.0005
476,11.0,10.92,0.0005
477,13.0,10.89,0.0005
478,11.0,10.8,0.0005
479,9.0,10.79,0.0005
480,11.0,10.8,0.0005
481,11.0,10.81,0.0005
482,10.0,10.79,0.0005
483,11.0,10.8,0.0005
484,13.0,10.84,0.0005
485,9.0,10.83,0.0005
486,13.0,10.86,0.0005
487,11.0,10.85,0.0005
488,10.0,10.84,0.0005
489,12.0,10.87,0.0005
490,11.0,10.89,0.0005
491,10.0,10.9,0.0005
492,10.0,10.91,0.0005
493,10.0,10.87,0.0005
494,11.0,10.86,0.0005
495,12.0,10.87,0.0005
496,11.0,10.86,0.0005
497,9.0,10.85,0.0005
498,12.0,10.88,0.0005
499,10.0,10.9,0.0005
500,14.0,10.93,0.0005
501,10.0,10.92,0.0005
502,11.0,10.94,0.0005
503,12.0,10.95,0.0005
504,14.0,10.99,0.0005
505,10.0,10.99,0.0005
506,10.0,10.97,0.0005
507,10.0,10.97,0.0005
508,12.0,10.98,0.0005
509,9.0,10.99,0.0005
510,12.0,11.0,0.0005
511,13.0,11.04,0.0005
512,17.0,11.06,0.0005
513,12.0,11.04,0.0005
514,15.0,11.11,0.0005
515,14.0,11.16,0.0005
516,11.0,11.15,0.0005
517,9.0,11.09,0.0005
518,12.0,11.1,0.0005
519,11.0,11.1,0.0005
520,11.0,11.12,0.0005
521,12.0,11.14,0.0005
522,14.0,11.17,0.0005
523,9.0,11.14,0.0005
524,10.0,11.13,0.0005
525,10.0,11.14,0.0005
526,10.0,11.15,0.0005
527,10.0,11.14,0.0005
528,15.0,11.19,0.0005
529,12.0,11.2,0.0005
530,12.0,11.21,0.0005
531,48.0,11.58,0.0005
532,30.0,11.78,0.0005
533,78.0,12.47,0.0005
534,179.0,14.16,0.0005
535,20.0,14.26,0.0005
536,145.0,15.61,0.0005
537,39.0,15.86,0.0005
538,136.0,17.11,0.0005
539,115.0,18.15,0.0005
540,159.0,19.63,0.0005
541,120.0,20.68,0.0005
542,73.0,21.31,0.0005
543,108.0,22.24,0.0005
544,59.0,22.74,0.0005
545,87.0,23.47,0.0005
546,44.0,23.8,0.0005
547,63.0,24.33,0.0005
548,44.0,24.66,0.0005
549,46.0,25.04,0.0005
550,34.0,25.3,0.0005
551,60.0,25.74,0.0005
552,165.0,27.29,0.0005
553,86.0,28.03,0.0005
554,148.0,29.41,0.0005
555,69.0,30.02,0.0005
556,56.0,30.44,0.0005
557,92.0,31.26,0.0005
558,80.0,31.97,0.0005
559,29.0,32.13,0.0005
560,83.0,32.87,0.0005
561,124.0,33.99,0.0005
562,158.0,35.45,0.0005
563,79.0,36.12,0.0005
564,87.0,36.88,0.0005
565,70.0,37.45,0.0005
566,57.0,37.92,0.0005
567,47.0,38.26,0.0005
568,145.0,39.62,0.0005
569,58.0,40.1,0.0005
570,42.0,40.42,0.0005
571,58.0,40.91,0.0005
572,60.0,41.37,0.0005
573,75.0,42.01,0.0005
574,40.0,42.3,0.0005
575,80.0,42.99,0.0005
576,63.0,43.51,0.0005
577,47.0,43.85,0.0005
578,71.0,44.45,0.0005
579,40.0,44.76,0.0005
580,78.0,45.43,0.0005
581,32.0,45.64,0.0005
582,49.0,46.03,0.0005
583,64.0,46.56,0.0005
584,46.0,46.89,0.0005
585,50.0,47.3,0.0005
586,46.0,47.63,0.0005
587,59.0,48.11,0.0005
588,36.0,48.37,0.0005
589,50.0,48.75,0.0005
590,62.0,49.26,0.0005
591,34.0,49.5,0.0005
592,54.0,49.94,0.0005
593,41.0,50.25,0.0005
594,83.0,50.97,0.0005
595,74.0,51.59,0.0005
596,78.0,52.26,0.0005
597,66.0,52.83,0.0005
598,39.0,53.1,0.0005
599,52.0,53.52,0.0005
600,50.0,53.88,0.0005
601,119.0,54.97,0.0005
602,66.0,55.52,0.0005
603,65.0,56.05,0.0005
604,69.0,56.6,0.0005
605,71.0,57.21,0.0005
606,79.0,57.9,0.0005
607,217.0,59.97,0.0005
608,88.0,60.73,0.0005
609,98.0,61.62,0.0005
610,215.0,63.65,0.0005
611,92.0,64.44,0.0005
612,208.0,66.35,0.0005
613,236.0,68.59,0.0005
614,253.0,70.97,0.0005
615,121.0,72.04,0.0005
616,94.0,72.87,0.0005
617,156.0,74.34,0.0005
618,127.0,75.49,0.0005
619,198.0,77.36,0.0005
620,127.0,78.52,0.0005
621,254.0,80.94,0.0005
622,212.0,82.92,0.0005
623,212.0,84.95,0.0005
624,258.0,87.43,0.0005
625,151.0,88.84,0.0005
626,399.0,92.73,0.0005
627,271.0,95.34,0.0005
628,259.0,97.78,0.0005
629,220.0,99.86,0.0005
630,242.0,102.16,0.0005
631,286.0,104.54,0.0005
632,208.0,106.32,0.0005
633,203.0,107.57,0.0005
634,416.0,109.94,0.0005
635,302.0,112.76,0.0005
636,293.0,114.24,0.0005
637,213.0,115.98,0.0005
638,247.0,117.09,0.0005
639,281.0,118.75,0.0005
640,229.0,119.45,0.0005
641,214.0,120.39,0.0005
642,269.0,122.35,0.0005
643,318.0,124.45,0.0005
644,215.0,126.01,0.0005
645,225.0,127.39,0.0005
646,299.0,129.94,0.0005
647,290.0,132.21,0.0005
648,255.0,134.32,0.0005
649,356.0,137.42,0.0005
650,323.0,140.31,0.0005
651,167.0,141.38,0.0005
652,500.0,144.73,0.0005
653,390.0,147.77,0.0005
654,239.0,148.68,0.0005
655,440.0,152.39,0.0005
656,395.0,155.78,0.0005
657,410.0,158.96,0.0005
658,283.0,160.99,0.0005
659,289.0,163.59,0.0005
660,466.0,167.42,0.0005
661,253.0,168.71,0.0005
662,361.0,170.74,0.0005
663,406.0,174.01,0.0005
664,269.0,175.83,0.0005
665,373.0,178.86,0.0005
666,262.0,180.91,0.0005
667,283.0,183.27,0.0005
668,347.0,185.29,0.0005
669,290.0,187.61,0.0005
670,355.0,190.74,0.0005
671,323.0,193.39,0.0005
672,274.0,195.53,0.0005
673,297.0,197.75,0.0005
674,483.0,202.18,0.0005
675,444.0,205.82,0.0005
676,268.0,207.87,0.0005
677,407.0,211.47,0.0005
678,376.0,214.52,0.0005
679,255.0,216.67,0.0005
680,259.0,218.48,0.0005
681,307.0,221.23,0.0005
682,319.0,223.93,0.0005
683,334.0,226.63,0.0005
684,350.0,229.67,0.0005
685,312.0,232.29,0.0005
686,479.0,236.62,0.0005
687,441.0,240.44,0.0005
688,293.0,243.01,0.0005
689,467.0,247.18,0.0005
690,252.0,249.08,0.0005
691,232.0,251.06,0.0005
692,228.0,252.8,0.0005
693,313.0,255.52,0.0005
694,500.0,259.69,0.0005
695,282.0,261.77,0.0005
696,423.0,265.22,0.0005
697,374.0,268.3,0.0005
698,244.0,270.35,0.0005
699,264.0,272.47,0.0005
700,226.0,274.23,0.0005
701,342.0,276.46,0.0005
702,245.0,278.25,0.0005
703,285.0,280.45,0.0005
704,298.0,282.74,0.0005
705,282.0,284.85,0.0005
706,267.0,286.73,0.0005
707,418.0,288.74,0.0005
708,271.0,290.57,0.0005
709,301.0,292.6,0.0005
710,257.0,293.02,0.0005
711,304.0,295.14,0.0005
712,369.0,296.75,0.0005
713,244.0,296.83,0.0005
714,257.0,296.87,0.0005
715,290.0,298.56,0.0005
716,292.0,300.54,0.0005
717,243.0,301.41,0.0005
718,352.0,303.66,0.0005
719,263.0,304.31,0.0005
720,233.0,305.37,0.0005
721,251.0,305.34,0.0005
722,271.0,305.93,0.0005
723,225.0,306.06,0.0005
724,303.0,306.51,0.0005
725,222.0,307.22,0.0005
726,307.0,306.3,0.0005
727,374.0,307.33,0.0005
728,263.0,307.37,0.0005
729,211.0,307.28,0.0005
730,286.0,307.72,0.0005
731,253.0,307.39,0.0005
732,240.0,307.71,0.0005
733,274.0,308.42,0.0005
734,229.0,306.55,0.0005
735,249.0,306.02,0.0005
736,227.0,305.36,0.0005
737,246.0,305.69,0.0005
738,200.0,305.22,0.0005
739,231.0,304.72,0.0005
740,221.0,304.64,0.0005
741,250.0,305.0,0.0005
742,273.0,305.04,0.0005
743,274.0,304.6,0.0005
744,253.0,304.98,0.0005
745,255.0,305.28,0.0005
746,236.0,304.65,0.0005
747,203.0,303.78,0.0005
748,271.0,303.94,0.0005
749,221.0,302.59,0.0005
750,247.0,301.83,0.0005
751,220.0,302.36,0.0005
752,229.0,299.65,0.0005
753,214.0,297.89,0.0005
754,279.0,298.29,0.0005
755,228.0,296.17,0.0005
756,250.0,294.72,0.0005
757,265.0,293.27,0.0005
758,214.0,292.58,0.0005
759,296.0,292.65,0.0005
760,205.0,290.04,0.0005
761,258.0,290.09,0.0005
762,213.0,288.61,0.0005
763,219.0,286.74,0.0005
764,259.0,286.64,0.0005
765,202.0,284.93,0.0005
766,220.0,284.51,0.0005
767,226.0,283.94,0.0005
768,210.0,282.57,0.0005
769,220.0,281.87,0.0005
770,212.0,280.44,0.0005
771,277.0,279.98,0.0005
772,219.0,279.43,0.0005
773,243.0,278.89,0.0005
774,246.0,276.52,0.0005
775,209.0,274.17,0.0005
776,235.0,273.84,0.0005
777,226.0,272.03,0.0005
778,232.0,270.59,0.0005
779,300.0,271.04,0.0005
780,251.0,270.96,0.0005
781,272.0,270.61,0.0005
782,219.0,269.61,0.0005
783,266.0,268.93,0.0005
784,256.0,267.99,0.0005
785,258.0,267.45,0.0005
786,264.0,265.3,0.0005
787,232.0,263.21,0.0005
788,253.0,262.81,0.0005
789,476.0,262.9,0.0005
790,305.0,263.43,0.0005
791,224.0,263.35,0.0005
792,260.0,263.67,0.0005
793,275.0,263.29,0.0005
794,400.0,262.29,0.0005
795,255.0,262.02,0.0005
796,223.0,260.02,0.0005
797,207.0,258.35,0.0005
798,239.0,258.3,0.0005
799,224.0,257.9,0.0005
800,228.0,257.92,0.0005
801,265.0,257.15,0.0005
802,249.0,257.19,0.0005
803,240.0,256.74,0.0005
804,228.0,256.04,0.0005
805,231.0,255.53,0.0005
806,207.0,254.93,0.0005
807,487.0,255.62,0.0005
808,223.0,255.14,0.0005
809,222.0,254.35,0.0005
810,242.0,254.2,0.0005
811,269.0,253.85,0.0005
812,228.0,252.44,0.0005
813,318.0,253.18,0.0005
814,249.0,253.1,0.0005
815,231.0,252.51,0.0005
816,257.0,252.16,0.0005
817,247.0,252.2,0.0005
818,222.0,250.9,0.0005
819,273.0,251.0,0.0005
820,195.0,250.62,0.0005
821,214.0,250.25,0.0005
822,212.0,249.66,0.0005
823,219.0,249.6,0.0005
824,214.0,248.71,0.0005
825,223.0,248.72,0.0005
826,220.0,247.85,0.0005
827,222.0,246.33,0.0005
828,234.0,246.04,0.0005
829,249.0,246.42,0.0005
830,232.0,245.88,0.0005
831,234.0,245.69,0.0005
832,248.0,245.77,0.0005
833,344.0,246.47,0.0005
834,255.0,246.73,0.0005
835,210.0,246.34,0.0005
836,235.0,246.42,0.0005
837,262.0,246.58,0.0005
838,235.0,246.93,0.0005
839,246.0,247.08,0.0005
840,215.0,247.02,0.0005
841,256.0,247.08,0.0005
842,223.0,246.58,0.0005
843,213.0,245.97,0.0005
844,320.0,246.64,0.0005
845,210.0,246.19,0.0005
846,199.0,245.82,0.0005
847,238.0,246.17,0.0005
848,220.0,245.66,0.0005
849,231.0,245.76,0.0005
850,202.0,245.31,0.0005
851,205.0,245.16,0.0005
852,229.0,245.16,0.0005
853,266.0,245.68,0.0005
854,277.0,245.66,0.0005
855,245.0,245.83,0.0005
856,245.0,245.78,0.0005
857,222.0,245.35,0.0005
858,280.0,246.01,0.0005
859,238.0,245.43,0.0005
860,274.0,246.12,0.0005
861,222.0,245.76,0.0005
862,234.0,245.97,0.0005
863,247.0,246.25,0.0005
864,500.0,248.66,0.0005
865,332.0,249.96,0.0005
866,224.0,250.0,0.0005
867,227.0,250.01,0.0005
868,227.0,250.18,0.0005
869,239.0,250.37,0.0005
870,287.0,251.12,0.0005
871,247.0,250.82,0.0005
872,206.0,250.69,0.0005
873,208.0,250.34,0.0005
874,318.0,251.06,0.0005
875,277.0,251.74,0.0005
876,218.0,251.57,0.0005
877,243.0,251.74,0.0005
878,223.0,251.65,0.0005
879,236.0,251.01,0.0005
880,328.0,251.78,0.0005
881,305.0,252.11,0.0005
882,332.0,253.24,0.0005
883,234.0,252.92,0.0005
884,323.0,253.59,0.0005
885,334.0,254.35,0.0005
886,403.0,255.74,0.0005
887,273.0,256.15,0.0005
888,271.0,256.33,0.0005
889,335.0,254.92,0.0005
890,500.0,256.87,0.0005
891,397.0,258.6,0.0005
892,261.0,258.61,0.0005
893,303.0,258.89,0.0005
894,412.0,259.01,0.0005
895,395.0,260.41,0.0005
896,325.0,261.43,0.0005
897,247.0,261.83,0.0005
898,397.0,263.41,0.0005
899,327.0,264.44,0.0005
900,409.0,266.25,0.0005
901,411.0,267.71,0.0005
902,469.0,269.91,0.0005
903,413.0,271.64,0.0005
904,328.0,272.64,0.0005
905,267.0,273.0,0.0005
906,252.0,273.45,0.0005
907,263.0,271.21,0.0005
908,271.0,271.69,0.0005
909,457.0,274.04,0.0005
910,377.0,275.39,0.0005
911,500.0,277.7,0.0005
912,369.0,279.11,0.0005
913,337.0,279.3,0.0005
914,316.0,279.97,0.0005
915,305.0,280.71,0.0005
916,302.0,281.16,0.0005
917,262.0,281.31,0.0005
918,240.0,281.49,0.0005
919,320.0,281.96,0.0005
920,364.0,283.65,0.0005
921,237.0,283.88,0.0005
922,365.0,285.41,0.0005
923,375.0,286.97,0.0005
924,500.0,289.83,0.0005
925,279.0,290.39,0.0005
926,500.0,293.19,0.0005
927,305.0,294.02,0.0005
928,330.0,294.98,0.0005
929,500.0,297.49,0.0005
930,430.0,299.47,0.0005
931,406.0,301.19,0.0005
932,368.0,302.39,0.0005
933,429.0,303.24,0.0005
934,464.0,305.33,0.0005
935,241.0,305.64,0.0005
936,425.0,307.54,0.0005
937,500.0,309.92,0.0005
938,500.0,312.57,0.0005
939,413.0,314.24,0.0005
940,331.0,315.4,0.0005
941,426.0,317.1,0.0005
942,421.0,319.08,0.0005
943,500.0,321.95,0.0005
944,500.0,323.75,0.0005
945,378.0,325.43,0.0005
946,396.0,327.4,0.0005
947,500.0,330.02,0.0005
948,288.0,330.7,0.0005
949,368.0,332.07,0.0005
950,328.0,333.33,0.0005
951,363.0,334.91,0.0005
952,299.0,335.61,0.0005
953,500.0,337.95,0.0005
954,301.0,338.19,0.0005
955,482.0,340.56,0.0005
956,466.0,342.77,0.0005
957,347.0,344.02,0.0005
958,319.0,344.41,0.0005
959,393.0,345.96,0.0005
960,276.0,345.98,0.0005
961,355.0,347.31,0.0005
962,457.0,349.54,0.0005
963,500.0,352.07,0.0005
964,500.0,352.07,0.0005
965,383.0,352.58,0.0005
966,288.0,353.22,0.0005
967,466.0,355.61,0.0005
968,261.0,355.95,0.0005
969,404.0,357.6,0.0005
970,496.0,359.69,0.0005
971,357.0,360.79,0.0005
972,290.0,361.63,0.0005
973,500.0,364.55,0.0005
974,500.0,366.37,0.0005
975,289.0,366.49,0.0005
976,272.0,367.03,0.0005
977,293.0,367.53,0.0005
978,300.0,368.3,0.0005
979,250.0,368.44,0.0005
980,291.0,368.07,0.0005
981,396.0,368.98,0.0005
982,500.0,370.66,0.0005
983,500.0,373.32,0.0005
984,302.0,373.11,0.0005
985,322.0,372.99,0.0005
986,300.0,371.96,0.0005
987,421.0,373.44,0.0005
988,454.0,375.27,0.0005
989,293.0,374.85,0.0005
990,281.0,372.66,0.0005
991,307.0,371.76,0.0005
992,500.0,374.15,0.0005
993,500.0,376.12,0.0005
994,294.0,374.94,0.0005
995,256.0,373.55,0.0005
996,500.0,375.3,0.0005
997,459.0,377.42,0.0005
998,413.0,377.58,0.0005
999,336.0,377.67,0.0005
1000,500.0,378.58,0.0005
1001,500.0,379.47,0.0005
1002,432.0,379.1,0.0005
1003,500.0,379.97,0.0005
1004,352.0,380.21,0.0005
1005,256.0,380.1,0.0005
1006,409.0,381.67,0.0005
1007,312.0,382.16,0.0005
1008,392.0,383.37,0.0005
1009,452.0,383.32,0.0005
1010,292.0,382.47,0.0005
1011,265.0,380.12,0.0005
1012,244.0,378.87,0.0005
1013,244.0,377.94,0.0005
1014,305.0,377.83,0.0005
1015,457.0,379.35,0.0005
1016,470.0,381.03,0.0005
1017,307.0,381.48,0.0005
1018,294.0,382.02,0.0005
1019,459.0,383.41,0.0005
1020,364.0,383.41,0.0005
1021,342.0,384.46,0.0005
1022,259.0,383.4,0.0005
1023,234.0,381.99,0.0005
1024,424.0,381.23,0.0005
1025,493.0,383.37,0.0005
1026,251.0,380.88,0.0005
1027,270.0,380.53,0.0005
1028,338.0,380.61,0.0005
1029,273.0,378.34,0.0005
1030,455.0,378.59,0.0005
1031,340.0,377.93,0.0005
1032,311.0,377.36,0.0005
1033,489.0,377.96,0.0005
1034,306.0,376.38,0.0005
1035,500.0,378.97,0.0005
1036,500.0,379.72,0.0005
1037,317.0,377.89,0.0005
1038,300.0,375.89,0.0005
1039,424.0,376.0,0.0005
1040,272.0,375.41,0.0005
1041,284.0,373.99,0.0005
1042,277.0,372.55,0.0005
1043,274.0,370.29,0.0005
1044,253.0,367.82,0.0005
1045,315.0,367.19,0.0005
1046,223.0,365.46,0.0005
1047,313.0,363.59,0.0005
1048,285.0,363.56,0.0005
1049,299.0,362.87,0.0005
1050,256.0,362.15,0.0005
1051,247.0,360.99,0.0005
1052,404.0,362.04,0.0005
1053,306.0,360.1,0.0005
1054,289.0,359.98,0.0005
1055,379.0,358.95,0.0005
1056,366.0,357.95,0.0005
1057,289.0,357.37,0.0005
1058,345.0,357.63,0.0005
1059,322.0,356.92,0.0005
1060,268.0,356.84,0.0005
1061,334.0,356.63,0.0005
1062,286.0,354.92,0.0005
1063,302.0,352.94,0.0005
1064,287.0,350.81,0.0005
1065,319.0,350.17,0.0005
1066,302.0,350.31,0.0005
1067,381.0,349.46,0.0005
1068,467.0,351.52,0.0005
1069,500.0,352.48,0.0005
1070,302.0,350.54,0.0005
1071,235.0,349.32,0.0005
1072,239.0,348.81,0.0005
1073,284.0,346.65,0.0005
1074,292.0,344.57,0.0005
1075,299.0,344.67,0.0005
1076,274.0,344.69,0.0005
1077,308.0,344.84,0.0005
1078,308.0,344.92,0.0005
1079,303.0,345.45,0.0005
1080,271.0,345.25,0.0005
1081,298.0,344.27,0.0005
1082,285.0,342.12,0.0005
1083,304.0,340.16,0.0005
1084,290.0,340.04,0.0005
1085,293.0,339.75,0.0005
1086,365.0,340.4,0.0005
1087,339.0,339.58,0.0005
1088,279.0,337.83,0.0005
1089,259.0,337.49,0.0005
1090,275.0,337.43,0.0005
1091,303.0,337.39,0.0005
1092,382.0,336.21,0.0005
1093,232.0,333.53,0.0005
1094,303.0,333.62,0.0005
1095,239.0,333.45,0.0005
1096,257.0,331.02,0.0005
1097,243.0,328.86,0.0005
1098,298.0,327.71,0.0005
1099,314.0,327.49,0.0005
1100,276.0,325.25,0.0005
1101,319.0,323.44,0.0005
1102,294.0,322.06,0.0005
1103,321.0,320.27,0.0005
1104,355.0,320.3,0.0005
1105,246.0,320.2,0.0005
1106,332.0,319.43,0.0005
1107,226.0,318.57,0.0005
1108,296.0,317.61,0.0005
1109,242.0,315.51,0.0005
1110,271.0,315.3,0.0005
1111,226.0,314.91,0.0005
1112,262.0,315.09,0.0005
1113,232.0,314.97,0.0005
1114,278.0,314.7,0.0005
1115,226.0,312.39,0.0005
1116,256.0,310.25,0.0005
1117,225.0,309.43,0.0005
1118,283.0,309.32,0.0005
1119,258.0,307.31,0.0005
1120,309.0,306.76,0.0005
1121,277.0,306.11,0.0005
1122,247.0,305.99,0.0005
1123,280.0,306.45,0.0005
1124,248.0,304.69,0.0005
1125,328.0,303.04,0.0005
1126,287.0,303.4,0.0005
1127,269.0,303.39,0.0005
1128,294.0,302.95,0.0005
1129,290.0,303.12,0.0005
1130,299.0,301.56,0.0005
1131,301.0,301.17,0.0005
1132,245.0,300.51,0.0005
1133,310.0,298.72,0.0005
1134,307.0,298.73,0.0005
1135,273.0,296.46,0.0005
1136,239.0,293.85,0.0005
1137,315.0,293.83,0.0005
1138,252.0,293.35,0.0005
1139,254.0,291.65,0.0005
1140,369.0,292.62,0.0005
1141,288.0,292.66,0.0005
1142,293.0,292.82,0.0005
1143,318.0,293.26,0.0005
1144,267.0,293.4,0.0005
1145,269.0,292.94,0.0005
1146,266.0,293.37,0.0005
1147,234.0,292.58,0.0005
1148,339.0,293.12,0.0005
1149,238.0,292.51,0.0005
1150,295.0,292.9,0.0005
1151,253.0,292.96,0.0005
1152,246.0,291.38,0.0005
1153,383.0,292.15,0.0005
1154,336.0,292.62,0.0005
1155,253.0,291.36,0.0005
1156,282.0,290.52,0.0005
1157,269.0,290.32,0.0005
1158,242.0,289.29,0.0005
1159,266.0,288.73,0.0005
1160,234.0,288.39,0.0005
1161,273.0,287.78,0.0005
1162,251.0,287.43,0.0005
1163,278.0,287.19,0.0005
1164,377.0,288.09,0.0005
1165,278.0,287.68,0.0005
1166,304.0,287.7,0.0005
1167,258.0,286.47,0.0005
1168,326.0,285.06,0.0005
1169,313.0,283.19,0.0005
1170,278.0,282.95,0.0005
1171,304.0,283.64,0.0005
1172,254.0,283.79,0.0005
1173,262.0,283.57,0.0005
1174,253.0,283.18,0.0005
1175,258.0,282.77,0.0005
1176,287.0,282.9,0.0005
1177,287.0,282.69,0.0005
1178,248.0,282.09,0.0005
1179,232.0,281.38,0.0005
1180,246.0,281.13,0.0005
1181,238.0,280.53,0.0005
1182,293.0,280.61,0.0005
1183,268.0,280.25,0.0005
1184,283.0,280.18,0.0005
1185,292.0,280.17,0.0005
1186,265.0,279.17,0.0005
1187,320.0,278.98,0.0005
1188,327.0,279.46,0.0005
1189,270.0,279.57,0.0005
1190,293.0,279.75,0.0005
1191,305.0,279.77,0.0005
1192,306.0,279.01,0.0005
1193,288.0,279.57,0.0005
1194,285.0,279.39,0.0005
1195,294.0,279.94,0.0005
1196,330.0,280.67,0.0005
1197,293.0,281.17,0.0005
1198,355.0,281.74,0.0005
1199,253.0,281.13,0.0005
1200,293.0,281.3,0.0005
1201,221.0,280.32,0.0005
1202,271.0,280.09,0.0005
1203,238.0,279.26,0.0005
1204,293.0,278.64,0.0005
1205,246.0,278.64,0.0005
1206,243.0,277.75,0.0005
1207,273.0,278.22,0.0005
1208,309.0,278.35,0.0005
1209,311.0,279.04,0.0005
1210,255.0,278.88,0.0005
1211,262.0,279.24,0.0005
1212,322.0,279.84,0.0005
1213,298.0,280.5,0.0005
1214,247.0,280.19,0.0005
1215,305.0,280.98,0.0005
1216,245.0,280.87,0.0005
1217,350.0,282.12,0.0005
1218,294.0,282.23,0.0005
1219,272.0,282.37,0.0005
1220,271.0,281.99,0.0005
1221,288.0,282.1,0.0005
1222,277.0,282.4,0.0005
1223,323.0,282.83,0.0005
1224,344.0,283.79,0.0005
1225,312.0,283.63,0.0005
1226,279.0,283.55,0.0005
1227,305.0,283.91,0.0005
1228,244.0,283.41,0.0005
1229,271.0,283.22,0.0005
1230,304.0,283.27,0.0005
1231,320.0,283.46,0.0005
1232,291.0,283.92,0.0005
1233,286.0,283.68,0.0005
1234,288.0,283.49,0.0005
1235,328.0,284.04,0.0005
1236,296.0,284.61,0.0005
1237,271.0,284.17,0.0005
1238,295.0,284.6,0.0005
1239,300.0,285.06,0.0005
1240,267.0,284.04,0.0005
1241,293.0,284.09,0.0005
1242,258.0,283.74,0.0005
1243,258.0,283.14,0.0005
1244,281.0,283.28,0.0005
1245,291.0,283.5,0.0005
1246,294.0,283.78,0.0005
1247,300.0,284.44,0.0005
1248,228.0,283.33,0.0005
1249,294.0,283.89,0.0005
1250,271.0,283.65,0.0005
1251,230.0,283.42,0.0005
1252,267.0,283.63,0.0005
1253,353.0,283.33,0.0005
1254,334.0,283.31,0.0005
1255,325.0,284.03,0.0005
1256,293.0,284.14,0.0005
1257,265.0,284.1,0.0005
1258,262.0,284.3,0.0005
1259,346.0,285.1,0.0005
1260,228.0,285.04,0.0005
1261,269.0,285.0,0.0005
1262,266.0,285.15,0.0005
1263,279.0,285.16,0.0005
1264,254.0,283.93,0.0005
1265,258.0,283.73,0.0005
1266,237.0,283.06,0.0005
1267,281.0,283.29,0.0005
1268,277.0,282.8,0.0005
1269,320.0,282.87,0.0005
1270,276.0,282.85,0.0005
1271,273.0,282.54,0.0005
1272,268.0,282.68,0.0005
1273,301.0,283.07,0.0005
1274,255.0,283.09,0.0005
1275,273.0,283.24,0.0005
1276,288.0,283.25,0.0005
1277,275.0,283.13,0.0005
1278,248.0,283.13,0.0005
1279,256.0,283.37,0.0005
1280,290.0,283.81,0.0005
1281,297.0,284.4,0.0005
1282,259.0,284.06,0.0005
1283,236.0,283.74,0.0005
1284,248.0,283.39,0.0005
1285,286.0,283.33,0.0005
1286,270.0,283.38,0.0005
1287,284.0,283.02,0.0005
1288,243.0,282.18,0.0005
1289,265.0,282.13,0.0005
1290,230.0,281.5,0.0005
1291,243.0,280.88,0.0005
1292,278.0,280.6,0.0005
1293,247.0,280.19,0.0005
1294,271.0,280.05,0.0005
1295,246.0,279.57,0.0005
1296,282.0,279.09,0.0005
1297,288.0,279.04,0.0005
1298,227.0,277.76,0.0005
1299,335.0,278.58,0.0005
1300,290.0,278.55,0.0005
1301,278.0,279.12,0.0005
1302,264.0,279.05,0.0005
1303,291.0,279.58,0.0005
1304,297.0,279.62,0.0005
1305,263.0,279.79,0.0005
1306,313.0,280.49,0.0005
1307,288.0,280.64,0.0005
1308,315.0,280.7,0.0005
1309,386.0,281.45,0.0005
1310,340.0,282.3,0.0005
1311,265.0,282.33,0.0005
1312,287.0,281.98,0.0005
1313,313.0,282.13,0.0005
1314,248.0,282.14,0.0005
1315,317.0,282.26,0.0005
1316,228.0,282.09,0.0005
1317,254.0,281.13,0.0005
1318,253.0,280.72,0.0005
1319,292.0,280.92,0.0005
1320,297.0,281.18,0.0005
1321,289.0,281.19,0.0005
1322,304.0,281.46,0.0005
1323,280.0,281.03,0.0005
1324,307.0,280.66,0.0005
1325,278.0,280.32,0.0005
1326,301.0,280.54,0.0005
1327,280.0,280.29,0.0005
1328,316.0,281.01,0.0005
1329,314.0,281.44,0.0005
1330,313.0,281.53,0.0005
1331,296.0,281.29,0.0005
1332,317.0,281.55,0.0005
1333,288.0,281.57,0.0005
1334,327.0,281.96,0.0005
1335,346.0,282.14,0.0005
1336,500.0,284.18,0.0005
1337,242.0,283.89,0.0005
1338,288.0,283.82,0.0005
1339,265.0,283.47,0.0005
1340,251.0,283.31,0.0005
1341,271.0,283.09,0.0005
1342,314.0,283.65,0.0005
1343,254.0,283.61,0.0005
1344,261.0,283.41,0.0005
1345,343.0,283.93,0.0005
1346,306.0,284.05,0.0005
1347,281.0,283.86,0.0005
1348,284.0,284.42,0.0005
1349,249.0,283.97,0.0005
1350,422.0,285.48,0.0005
1351,263.0,285.81,0.0005
1352,266.0,285.8,0.0005
1353,276.0,285.03,0.0005
1354,293.0,284.62,0.0005
1355,277.0,284.14,0.0005
1356,314.0,284.35,0.0005
1357,324.0,284.94,0.0005
1358,335.0,285.67,0.0005
1359,274.0,284.95,0.0005
1360,261.0,285.28,0.0005
1361,330.0,285.89,0.0005
1362,271.0,285.94,0.0005
1363,295.0,286.1,0.0005
1364,382.0,287.38,0.0005
1365,296.0,287.76,0.0005
1366,291.0,288.3,0.0005
1367,297.0,288.46,0.0005
1368,239.0,288.08,0.0005
1369,244.0,287.32,0.0005
1370,251.0,287.07,0.0005
1371,256.0,286.9,0.0005
1372,293.0,287.15,0.0005
1373,335.0,287.49,0.0005
1374,300.0,287.94,0.0005
1375,266.0,287.87,0.0005
1376,249.0,287.48,0.0005
1377,332.0,288.05,0.0005
1378,308.0,288.65,0.0005
1379,249.0,288.58,0.0005
1380,270.0,288.38,0.0005
1381,354.0,288.95,0.0005
1382,273.0,289.09,0.0005
1383,291.0,289.64,0.0005
1384,294.0,290.1,0.0005
1385,354.0,290.78,0.0005
1386,298.0,291.06,0.0005
1387,254.0,290.76,0.0005
1388,312.0,291.45,0.0005
1389,264.0,291.44,0.0005
1390,304.0,292.18,0.0005
1391,314.0,292.89,0.0005
1392,386.0,293.97,0.0005
1393,247.0,293.97,0.0005
1394,247.0,293.73,0.0005
1395,295.0,294.22,0.0005
1396,277.0,294.17,0.0005
1397,274.0,294.03,0.0005
1398,286.0,294.62,0.0005
1399,314.0,294.41,0.0005
1400,273.0,294.24,0.0005
1401,358.0,295.04,0.0005
1402,273.0,295.13,0.0005
1403,311.0,295.33,0.0005
1404,304.0,295.4,0.0005
1405,355.0,296.32,0.0005
1406,305.0,296.24,0.0005
1407,284.0,296.2,0.0005
1408,284.0,295.89,0.0005
1409,317.0,295.2,0.0005
1410,253.0,294.33,0.0005
1411,274.0,294.42,0.0005
1412,392.0,295.47,0.0005
1413,282.0,295.16,0.0005
1414,293.0,295.61,0.0005
1415,253.0,294.97,0.0005
1416,271.0,295.4,0.0005
1417,284.0,295.7,0.0005
1418,279.0,295.96,0.0005
1419,279.0,295.83,0.0005
1420,329.0,296.15,0.0005
1421,422.0,297.48,0.0005
1422,277.0,297.21,0.0005
1423,319.0,297.6,0.0005
1424,253.0,297.06,0.0005
1425,299.0,297.27,0.0005
1426,318.0,297.44,0.0005
1427,368.0,298.32,0.0005
1428,304.0,298.2,0.0005
1429,285.0,297.91,0.0005
1430,317.0,297.95,0.0005
1431,350.0,298.49,0.0005
1432,285.0,298.17,0.0005
1433,288.0,298.17,0.0005
1434,312.0,298.02,0.0005
1435,455.0,299.11,0.0005
1436,276.0,296.87,0.0005
1437,360.0,298.05,0.0005
1438,294.0,298.11,0.0005
1439,412.0,299.58,0.0005
1440,291.0,299.98,0.0005
1441,297.0,300.24,0.0005
1442,310.0,300.2,0.0005
1443,316.0,300.82,0.0005
1444,264.0,300.85,0.0005
1445,369.0,301.11,0.0005
1446,317.0,301.22,0.0005
1447,311.0,301.52,0.0005
1448,331.0,301.99,0.0005
1449,358.0,303.08,0.0005
1450,316.0,302.02,0.0005
1451,348.0,302.87,0.0005
1452,381.0,304.02,0.0005
1453,296.0,304.22,0.0005
1454,289.0,304.18,0.0005
1455,305.0,304.46,0.0005
1456,290.0,304.22,0.0005
1457,265.0,303.63,0.0005
1458,303.0,303.31,0.0005
1459,287.0,303.44,0.0005
1460,252.0,303.35,0.0005
1461,348.0,303.53,0.0005
1462,283.0,303.65,0.0005
1463,264.0,303.34,0.0005
1464,286.0,302.38,0.0005
1465,275.0,302.17,0.0005
1466,342.0,302.68,0.0005
1467,278.0,302.49,0.0005
1468,278.0,302.88,0.0005
1469,334.0,303.78,0.0005
1470,317.0,304.44,0.0005
1471,312.0,305.0,0.0005
1472,352.0,305.59,0.0005
1473,299.0,305.23,0.0005
1474,255.0,304.78,0.0005
1475,320.0,305.32,0.0005
1476,378.0,306.61,0.0005
1477,337.0,306.66,0.0005
1478,330.0,306.88,0.0005
1479,299.0,307.38,0.0005
1480,341.0,308.09,0.0005
1481,348.0,308.03,0.0005
1482,375.0,309.05,0.0005
1483,413.0,310.27,0.0005
1484,435.0,311.68,0.0005
1485,485.0,312.99,0.0005
1486,381.0,313.82,0.0005
1487,500.0,316.28,0.0005
1488,446.0,317.62,0.0005
1489,328.0,318.26,0.0005
1490,500.0,320.22,0.0005
1491,500.0,322.08,0.0005
1492,287.0,321.09,0.0005
1493,500.0,323.62,0.0005
1494,427.0,325.42,0.0005
1495,365.0,326.12,0.0005
1496,500.0,328.35,0.0005
1497,282.0,328.43,0.0005
1498,332.0,328.89,0.0005
1499,262.0,328.37,0.0005
1500,340.0,329.04,0.0005
1501,335.0,328.81,0.0005
1502,500.0,331.08,0.0005
1503,357.0,331.54,0.0005
1504,266.0,331.16,0.0005
1505,345.0,331.06,0.0005
1506,427.0,332.28,0.0005
1507,320.0,332.64,0.0005
1508,414.0,333.94,0.0005
1509,267.0,333.44,0.0005
1510,455.0,335.46,0.0005
1511,263.0,335.35,0.0005
1512,354.0,334.97,0.0005
1513,276.0,334.91,0.0005
1514,484.0,336.82,0.0005
1515,382.0,338.11,0.0005
1516,394.0,339.34,0.0005
1517,312.0,339.62,0.0005
1518,278.0,339.61,0.0005
1519,339.0,340.21,0.0005
1520,327.0,340.19,0.0005
1521,437.0,340.34,0.0005
1522,468.0,342.25,0.0005
1523,366.0,342.72,0.0005
1524,284.0,343.03,0.0005
1525,353.0,343.57,0.0005
1526,340.0,343.79,0.0005
1527,487.0,344.98,0.0005
1528,368.0,345.62,0.0005
1529,307.0,345.84,0.0005
1530,323.0,345.9,0.0005
1531,334.0,345.74,0.0005
1532,281.0,345.7,0.0005
1533,290.0,345.72,0.0005
1534,429.0,346.89,0.0005
1535,338.0,345.72,0.0005
1536,399.0,346.95,0.0005
1537,331.0,346.66,0.0005
1538,249.0,346.21,0.0005
1539,332.0,345.41,0.0005
1540,355.0,346.05,0.0005
1541,347.0,346.55,0.0005
1542,323.0,346.68,0.0005
1543,323.0,346.75,0.0005
1544,268.0,346.79,0.0005
1545,274.0,345.84,0.0005
1546,491.0,347.58,0.0005
1547,500.0,349.47,0.0005
1548,412.0,350.28,0.0005
1549,340.0,350.1,0.0005
1550,341.0,350.35,0.0005
1551,414.0,351.01,0.0005
1552,326.0,350.46,0.0005
1553,374.0,351.24,0.0005
1554,318.0,351.53,0.0005
1555,271.0,351.19,0.0005
1556,419.0,352.48,0.0005
1557,283.0,352.66,0.0005
1558,287.0,352.5,0.0005
1559,272.0,352.35,0.0005
1560,367.0,353.5,0.0005
1561,310.0,353.12,0.0005
1562,286.0,353.15,0.0005
1563,313.0,353.64,0.0005
1564,479.0,355.57,0.0005
1565,326.0,356.08,0.0005
1566,333.0,355.99,0.0005
1567,259.0,355.8,0.0005
1568,321.0,356.23,0.0005
1569,254.0,355.43,0.0005
1570,332.0,355.58,0.0005
1571,284.0,355.3,0.0005
1572,258.0,354.36,0.0005
1573,302.0,354.39,0.0005
1574,272.0,354.56,0.0005
1575,323.0,354.59,0.0005
1576,266.0,353.47,0.0005
1577,398.0,354.08,0.0005
1578,415.0,354.93,0.0005
1579,270.0,354.64,0.0005
1580,353.0,354.76,0.0005
1581,337.0,354.65,0.0005
1582,324.0,354.14,0.0005
1583,342.0,353.43,0.0005
1584,357.0,352.65,0.0005
1585,229.0,350.09,0.0005
1586,237.0,348.65,0.0005
1587,277.0,346.42,0.0005
1588,243.0,344.39,0.0005
1589,235.0,343.46,0.0005
1590,217.0,340.63,0.0005
1591,231.0,337.94,0.0005
1592,242.0,337.49,0.0005
1593,266.0,335.15,0.0005
1594,261.0,333.49,0.0005
1595,317.0,333.01,0.0005
1596,273.0,330.74,0.0005
1597,256.0,330.48,0.0005
1598,500.0,332.16,0.0005
1599,245.0,331.99,0.0005
1600,261.0,331.2,0.0005
1601,258.0,330.43,0.0005
1602,244.0,327.87,0.0005
1603,242.0,326.72,0.0005
1604,250.0,326.56,0.0005
1605,293.0,326.04,0.0005
1606,248.0,324.25,0.0005
1607,266.0,323.71,0.0005
1608,343.0,323.0,0.0005
1609,357.0,323.9,0.0005
1610,305.0,322.4,0.0005
1611,264.0,322.41,0.0005
1612,306.0,321.93,0.0005
1613,270.0,321.87,0.0005
1614,303.0,320.06,0.0005
1615,278.0,319.02,0.0005
1616,257.0,317.65,0.0005
1617,299.0,317.52,0.0005
1618,264.0,317.38,0.0005
1619,273.0,316.72,0.0005
1620,292.0,316.37,0.0005
1621,299.0,314.99,0.0005
1622,405.0,314.36,0.0005
1623,277.0,313.47,0.0005
1624,275.0,313.38,0.0005
1625,258.0,312.43,0.0005
1626,336.0,312.39,0.0005
1627,274.0,310.26,0.0005
1628,263.0,309.21,0.0005
1629,212.0,308.26,0.0005
1630,276.0,307.79,0.0005
1631,270.0,307.15,0.0005
1632,240.0,306.74,0.0005
1633,234.0,306.18,0.0005
1634,348.0,305.37,0.0005
1635,228.0,304.27,0.0005
1636,328.0,303.56,0.0005
1637,266.0,302.91,0.0005
1638,233.0,302.75,0.0005
1639,234.0,301.77,0.0005
1640,332.0,301.54,0.0005
1641,272.0,300.79,0.0005
1642,288.0,300.44,0.0005
1643,230.0,299.51,0.0005
1644,258.0,299.41,0.0005
1645,275.0,299.42,0.0005
1646,260.0,297.11,0.0005
1647,289.0,295.0,0.0005
1648,339.0,294.27,0.0005
1649,285.0,293.72,0.0005
1650,260.0,292.91,0.0005
1651,201.0,290.78,0.0005
1652,242.0,289.94,0.0005
1653,225.0,288.45,0.0005
1654,240.0,287.67,0.0005
1655,233.0,287.29,0.0005
1656,269.0,285.79,0.0005
1657,302.0,285.98,0.0005
1658,298.0,286.09,0.0005
1659,241.0,285.78,0.0005
1660,224.0,284.35,0.0005
1661,206.0,283.31,0.0005
1662,218.0,282.63,0.0005
1663,236.0,281.86,0.0005
1664,210.0,279.17,0.0005
1665,226.0,278.17,0.0005
1666,231.0,277.15,0.0005
1667,293.0,277.49,0.0005
1668,261.0,276.89,0.0005
1669,283.0,277.18,0.0005
1670,262.0,276.48,0.0005
1671,237.0,276.01,0.0005
1672,238.0,275.81,0.0005
1673,315.0,275.94,0.0005
1674,237.0,275.59,0.0005
1675,384.0,276.2,0.0005
1676,382.0,277.36,0.0005
1677,467.0,278.05,0.0005
1678,223.0,276.13,0.0005
1679,241.0,275.84,0.0005
1680,252.0,274.83,0.0005
1681,239.0,273.85,0.0005
1682,296.0,273.57,0.0005
1683,261.0,272.76,0.0005
1684,269.0,271.88,0.0005
1685,245.0,272.04,0.0005
1686,295.0,272.62,0.0005
1687,299.0,272.84,0.0005
1688,276.0,273.17,0.0005
1689,230.0,273.12,0.0005
1690,282.0,273.77,0.0005
1691,200.0,273.46,0.0005
1692,203.0,273.07,0.0005
1693,191.0,272.32,0.0005
1694,256.0,272.27,0.0005
1695,280.0,271.9,0.0005
1696,374.0,272.91,0.0005
1697,283.0,273.18,0.0005
1698,253.0,270.71,0.0005
1699,232.0,270.58,0.0005
1700,242.0,270.39,0.0005
1701,467.0,272.48,0.0005
1702,193.0,271.97,0.0005
1703,210.0,271.65,0.0005
1704,281.0,271.96,0.0005
1705,479.0,273.82,0.0005
1706,272.0,274.06,0.0005
1707,229.0,273.69,0.0005
1708,500.0,275.26,0.0005
1709,279.0,274.48,0.0005
1710,278.0,274.21,0.0005
1711,241.0,273.98,0.0005
1712,214.0,273.06,0.0005
1713,243.0,272.79,0.0005
1714,288.0,272.64,0.0005
1715,314.0,273.0,0.0005
1716,409.0,274.52,0.0005
1717,259.0,274.12,0.0005
1718,369.0,275.17,0.0005
1719,261.0,275.05,0.0005
1720,240.0,274.53,0.0005
1721,411.0,275.65,0.0005
1722,329.0,274.89,0.0005
1723,290.0,275.02,0.0005
1724,304.0,275.31,0.0005
1725,270.0,275.43,0.0005
1726,368.0,275.75,0.0005
1727,296.0,275.97,0.0005
1728,325.0,276.59,0.0005
1729,366.0,278.13,0.0005
1730,460.0,279.97,0.0005
1731,248.0,279.75,0.0005
1732,302.0,280.37,0.0005
1733,233.0,280.36,0.0005
1734,297.0,279.85,0.0005
1735,294.0,280.51,0.0005
1736,232.0,279.55,0.0005
1737,267.0,279.56,0.0005
1738,402.0,281.25,0.0005
1739,249.0,281.4,0.0005
1740,237.0,280.45,0.0005
1741,247.0,280.2,0.0005
1742,236.0,279.68,0.0005
1743,226.0,279.64,0.0005
1744,265.0,279.71,0.0005
1745,210.0,279.06,0.0005
1746,252.0,278.98,0.0005
1747,264.0,278.73,0.0005
1748,243.0,277.77,0.0005
1749,296.0,277.88,0.0005
1750,240.0,277.68,0.0005
1751,303.0,278.7,0.0005
1752,323.0,279.51,0.0005
1753,292.0,280.18,0.0005
1754,225.0,280.03,0.0005
1755,307.0,280.77,0.0005
1756,270.0,280.78,0.0005
1757,307.0,280.83,0.0005
1758,280.0,280.65,0.0005
1759,302.0,281.26,0.0005
1760,288.0,281.9,0.0005
1761,305.0,282.89,0.0005
1762,221.0,282.92,0.0005
1763,247.0,283.03,0.0005
1764,291.0,283.84,0.0005
1765,248.0,284.06,0.0005
1766,322.0,284.97,0.0005
1767,245.0,284.49,0.0005
1768,247.0,284.35,0.0005
1769,222.0,283.74,0.0005
1770,266.0,283.78,0.0005
1771,303.0,284.44,0.0005
1772,378.0,285.84,0.0005
1773,273.0,285.42,0.0005
1774,313.0,286.18,0.0005
1775,249.0,284.83,0.0005
1776,500.0,286.01,0.0005
1777,331.0,284.65,0.0005
1778,266.0,285.08,0.0005
1779,231.0,284.98,0.0005
1780,259.0,285.05,0.0005
1781,322.0,285.88,0.0005
1782,275.0,285.67,0.0005
1783,238.0,285.44,0.0005
1784,277.0,285.52,0.0005
1785,347.0,286.54,0.0005
1786,209.0,285.68,0.0005
1787,275.0,285.44,0.0005
1788,224.0,284.92,0.0005
1789,215.0,284.77,0.0005
1790,289.0,284.84,0.0005
1791,262.0,285.46,0.0005
1792,324.0,286.67,0.0005
1793,225.0,287.01,0.0005
1794,235.0,286.8,0.0005
1795,284.0,286.84,0.0005
1796,310.0,286.2,0.0005
1797,192.0,285.29,0.0005
1798,222.0,284.98,0.0005
1799,280.0,285.46,0.0005
1800,224.0,285.28,0.0005
1801,323.0,283.84,0.0005
1802,308.0,284.99,0.0005
1803,394.0,286.83,0.0005
1804,321.0,287.23,0.0005
1805,314.0,285.58,0.0005
1806,302.0,285.88,0.0005
1807,233.0,285.92,0.0005
1808,317.0,284.09,0.0005
1809,240.0,283.7,0.0005
1810,412.0,285.04,0.0005
1811,225.0,284.88,0.0005
1812,225.0,284.99,0.0005
1813,324.0,285.8,0.0005
1814,327.0,286.19,0.0005
1815,360.0,286.65,0.0005
1816,339.0,285.95,0.0005
1817,463.0,287.99,0.0005
1818,338.0,287.68,0.0005
1819,205.0,287.12,0.0005
1820,353.0,288.25,0.0005
1821,371.0,287.85,0.0005
1822,241.0,286.97,0.0005
1823,308.0,287.15,0.0005
1824,241.0,286.52,0.0005
1825,444.0,288.26,0.0005
1826,326.0,287.84,0.0005
1827,255.0,287.43,0.0005
1828,266.0,286.84,0.0005
1829,242.0,285.6,0.0005
1830,448.0,285.48,0.0005
1831,234.0,285.34,0.0005
1832,450.0,286.82,0.0005
1833,462.0,289.11,0.0005
1834,500.0,291.14,0.0005
1835,258.0,290.78,0.0005
1836,285.0,291.31,0.0005
1837,295.0,291.59,0.0005
1838,207.0,289.64,0.0005
1839,261.0,289.76,0.0005
1840,500.0,292.39,0.0005
1841,500.0,294.92,0.0005
1842,249.0,295.05,0.0005
1843,243.0,295.22,0.0005
1844,360.0,296.17,0.0005
1845,500.0,299.07,0.0005
1846,238.0,298.93,0.0005
1847,429.0,300.58,0.0005
1848,249.0,300.64,0.0005
1849,399.0,301.67,0.0005
1850,277.0,302.04,0.0005
1851,455.0,303.56,0.0005
1852,230.0,302.63,0.0005
1853,261.0,302.32,0.0005
1854,286.0,302.93,0.0005
1855,250.0,302.36,0.0005
1856,226.0,301.92,0.0005
1857,379.0,302.64,0.0005
1858,500.0,304.84,0.0005
1859,301.0,304.83,0.0005
1860,288.0,304.83,0.0005
1861,249.0,304.27,0.0005
1862,500.0,307.06,0.0005
1863,255.0,307.14,0.0005
1864,500.0,309.23,0.0005
1865,252.0,309.27,0.0005
1866,500.0,311.05,0.0005
1867,234.0,310.94,0.0005
1868,500.0,313.47,0.0005
1869,500.0,316.25,0.0005
1870,208.0,315.67,0.0005
1871,250.0,315.14,0.0005
1872,217.0,313.53,0.0005
1873,214.0,312.94,0.0005
1874,500.0,314.81,0.0005
1875,242.0,314.74,0.0005
1876,222.0,311.96,0.0005
1877,246.0,311.11,0.0005
1878,280.0,311.25,0.0005
1879,267.0,311.61,0.0005
1880,350.0,312.52,0.0005
1881,500.0,314.3,0.0005
1882,228.0,313.83,0.0005
1883,292.0,314.37,0.0005
1884,500.0,316.6,0.0005
1885,500.0,318.13,0.0005
1886,237.0,318.41,0.0005
1887,290.0,318.56,0.0005
1888,222.0,318.54,0.0005
1889,500.0,321.39,0.0005
1890,279.0,321.29,0.0005
1891,255.0,321.22,0.0005
1892,269.0,320.67,0.0005
1893,500.0,323.42,0.0005
1894,500.0,326.07,0.0005
1895,250.0,325.73,0.0005
1896,500.0,327.63,0.0005
1897,315.0,328.86,0.0005
1898,300.0,329.64,0.0005
1899,500.0,331.84,0.0005
1900,500.0,334.6,0.0005
1901,500.0,336.37,0.0005
1902,500.0,338.29,0.0005
1903,500.0,339.35,0.0005
1904,500.0,341.14,0.0005
1905,500.0,343.0,0.0005
1906,500.0,344.98,0.0005
1907,500.0,347.65,0.0005
1908,500.0,349.48,0.0005
1909,500.0,352.08,0.0005
1910,500.0,352.96,0.0005
1911,500.0,355.71,0.0005
1912,500.0,358.46,0.0005
1913,500.0,360.22,0.0005
1914,500.0,361.95,0.0005
1915,500.0,363.35,0.0005
1916,500.0,364.96,0.0005
1917,500.0,365.33,0.0005
1918,500.0,366.95,0.0005
1919,500.0,369.9,0.0005
1920,500.0,371.37,0.0005
1921,500.0,372.66,0.0005
1922,500.0,375.25,0.0005
1923,500.0,377.17,0.0005
1924,500.0,379.76,0.0005
1925,500.0,380.32,0.0005
1926,500.0,382.06,0.0005
1927,500.0,384.51,0.0005
1928,500.0,386.85,0.0005
1929,500.0,389.43,0.0005
1930,500.0,389.95,0.0005
1931,500.0,392.61,0.0005
1932,500.0,393.11,0.0005
1933,500.0,393.49,0.0005
1934,500.0,393.49,0.0005
1935,500.0,395.91,0.0005
1936,500.0,398.06,0.0005
1937,500.0,400.11,0.0005
1938,500.0,403.04,0.0005
1939,322.0,403.65,0.0005
1940,402.0,402.67,0.0005
1941,280.0,400.47,0.0005
1942,268.0,400.66,0.0005
1943,276.0,400.99,0.0005
1944,416.0,401.55,0.0005
1945,298.0,399.53,0.0005
1946,258.0,399.73,0.0005
1947,302.0,398.46,0.0005
1948,271.0,398.68,0.0005
1949,271.0,397.4,0.0005
1950,252.0,397.15,0.0005
1951,288.0,395.48,0.0005
1952,261.0,395.79,0.0005
1953,319.0,396.37,0.0005
1954,265.0,396.16,0.0005
1955,248.0,396.14,0.0005
1956,238.0,396.26,0.0005
1957,313.0,395.6,0.0005
1958,293.0,393.53,0.0005
1959,275.0,393.27,0.0005
1960,326.0,393.65,0.0005
1961,291.0,394.07,0.0005
1962,308.0,392.15,0.0005
1963,269.0,392.29,0.0005
1964,266.0,389.95,0.0005
1965,274.0,390.17,0.0005
1966,258.0,387.75,0.0005
1967,389.0,389.3,0.0005
1968,230.0,386.6,0.0005
1969,254.0,384.14,0.0005
1970,243.0,384.49,0.0005
1971,248.0,384.47,0.0005
1972,256.0,384.86,0.0005
1973,297.0,385.69,0.0005
1974,383.0,384.52,0.0005
1975,238.0,384.48,0.0005
1976,276.0,385.02,0.0005
1977,276.0,385.32,0.0005
1978,393.0,386.45,0.0005
1979,383.0,387.61,0.0005
1980,302.0,387.13,0.0005
1981,269.0,384.82,0.0005
1982,394.0,386.48,0.0005
1983,328.0,386.84,0.0005
1984,416.0,386.0,0.0005
1985,500.0,386.0,0.0005
1986,355.0,387.18,0.0005
1987,498.0,389.26,0.0005
1988,282.0,389.86,0.0005
1989,272.0,387.58,0.0005
1990,324.0,388.03,0.0005
1991,432.0,389.8,0.0005
1992,335.0,390.46,0.0005
1993,344.0,388.9,0.0005
1994,500.0,388.9,0.0005
1995,500.0,391.4,0.0005
1996,500.0,391.4,0.0005
1997,500.0,393.25,0.0005
1998,500.0,395.25,0.0005
1999,500.0,395.25,0.0005
2000,500.0,395.25,0.0005
2001,500.0,395.25,0.0005
2002,500.0,395.25,0.0005
2003,500.0,395.25,0.0005
2004,500.0,395.25,0.0005
2005,500.0,395.25,0.0005
2006,500.0,395.25,0.0005
2007,500.0,395.25,0.0005
2008,500.0,395.25,0.0005
2009,500.0,395.25,0.0005
2010,500.0,395.25,0.0005
2011,500.0,395.25,0.0005
2012,500.0,395.25,0.0005
2013,500.0,395.25,0.0005
2014,500.0,395.25,0.0005
2015,500.0,395.25,0.0005
2016,500.0,395.25,0.0005
2017,500.0,395.25,0.0005
2018,500.0,395.25,0.0005
2019,500.0,395.25,0.0005
2020,500.0,395.25,0.0005
2021,500.0,395.25,0.0005
2022,500.0,395.25,0.0005
2023,500.0,395.25,0.0005
2024,500.0,395.25,0.0005
2025,500.0,395.25,0.0005
2026,500.0,395.25,0.0005
2027,500.0,395.25,0.0005
2028,500.0,395.25,0.0005
2029,500.0,395.25,0.0005
2030,500.0,395.25,0.0005
2031,500.0,395.25,0.0005
2032,500.0,395.25,0.0005
2033,500.0,395.25,0.0005
2034,500.0,395.25,0.0005
2035,500.0,395.25,0.0005
2036,500.0,395.25,0.0005
2037,500.0,395.25,0.0005
2038,500.0,395.25,0.0005
2039,500.0,397.03,0.0005
2040,500.0,398.01,0.0005
2041,500.0,400.21,0.0005
2042,500.0,402.53,0.0005
2043,500.0,404.77,0.0005
2044,500.0,405.61,0.0005
2045,500.0,407.63,0.0005
2046,500.0,410.05,0.0005
2047,500.0,412.03,0.0005
2048,500.0,414.32,0.0005
2049,414.0,415.75,0.0005
2050,500.0,418.23,0.0005
2051,500.0,420.35,0.0005
2052,500.0,422.74,0.0005
2053,500.0,424.55,0.0005
2054,500.0,426.9,0.0005
2055,500.0,429.42,0.0005
2056,500.0,432.04,0.0005
2057,436.0,433.27,0.0005
2058,437.0,434.71,0.0005
2059,500.0,436.96,0.0005
2060,500.0,438.7,0.0005
2061,500.0,440.79,0.0005
2062,474.0,442.45,0.0005
2063,500.0,444.76,0.0005
2064,500.0,447.1,0.0005
2065,500.0,449.36,0.0005
2066,500.0,451.78,0.0005
2067,500.0,452.89,0.0005
2068,500.0,455.59,0.0005
2069,500.0,458.05,0.0005
2070,500.0,460.62,0.0005
2071,500.0,463.14,0.0005
2072,383.0,464.41,0.0005
2073,500.0,466.44,0.0005
2074,333.0,465.94,0.0005
2075,500.0,468.56,0.0005
2076,500.0,470.8,0.0005
2077,500.0,473.04,0.0005
2078,500.0,474.11,0.0005
2079,447.0,474.75,0.0005
2080,229.0,474.02,0.0005
2081,500.0,476.33,0.0005
